x,y
6.714451428571425,-4.010132857142855
6.714678285714282,-3.7975965714285693
6.714376571428566,-3.5804331428571405
6.713708571428567,-3.356461714285712
6.712222285714282,-3.139670285714284
6.708928285714281,-2.916215142857141
6.703141142857138,-2.7041571428571407
6.694331999999995,-2.4921017142857123
6.6827974285714244,-2.290328857142856
6.666546857142853,-2.0835111428571413
6.646340857142853,-1.8749782857142845
6.622907142857139,-1.6675171428571418
6.596895999999996,-1.4632291428571418
6.565557428571424,-1.258326342857142
6.52873571428571,-1.0516563999999993
6.486691142857138,-0.8430329999999995
6.439896571428568,-0.6321497142857139
6.387849142857138,-0.4216065539999997
6.329069142857138,-0.21170681257142843
6.263627428571425,-0.0008428225714285659
6.191856571428567,0.21172864457142845
6.11415571428571,0.4262188174285711
6.029569142857139,0.6396697999999996
5.938117999999996,0.8511291714285708
5.839763428571425,1.0606599714285707
5.734638857142853,1.2680152285714277
5.623180571428568,1.472409142857142
5.5042391428571396,1.6727431428571418
5.378199714285711,1.8686788571428559
5.245643428571425,2.0597611428571416
5.104189142857139,2.2453499999999984
4.968951428571425,2.431043999999998
4.828934857142853,2.611901714285713
4.675125428571425,2.7838485714285697
4.499903999999997,2.9447839999999976
4.322160285714283,3.1014962857142834
4.139987428571426,3.2520382857142835
3.954170571428569,3.396115714285712
3.7642462857142833,3.5346194285714256
3.570626285714283,3.667780857142855
3.375372285714283,3.796763714285712
3.1790399999999974,3.9214634285714256
2.9810759999999976,4.042398857142855
2.781423999999998,4.159245714285711
2.581535999999998,4.2758625714285685
2.3806017142857123,4.392117714285711
2.17961257142857,4.506881999999997
1.97883257142857,4.619026857142854
1.779967714285713,4.733104571428568
1.5808285714285704,4.848901428571425
1.3808027999999992,4.965119142857139
1.1788980571428564,5.080418857142854
0.9766479999999993,5.195840857142853
0.7758443428571424,5.312442285714282
0.575168371428571,5.429954285714282
0.3731826428571426,5.547933428571425
0.17005519999999988,5.664708857142854
-0.03281344285714284,5.7816699999999965
-0.23704591428571414,5.89866571428571
-0.44169812857142826,6.0151288571428525
-0.6456580571428567,6.130593999999996
-0.7988255142857136,6.189728571428566
-1.2065968857142848,6.527916571428567
-1.7022061142857132,6.963008285714281
-2.117819714285713,7.309977428571424
-2.285649999999998,7.381885428571423
-2.5174645714285697,7.506400857142851
-2.7046774285714266,7.65173371428571
-2.875009142857141,7.803009999999995
-3.0574339999999975,7.945773428571424
-3.2812211428571403,8.065295142857138
-3.4958465714285687,8.179299999999994
-3.674299999999997,8.320784285714279
-3.840318857142854,8.468141714285707
-4.015777714285711,8.601815714285706
-4.220493428571426,8.70363171428571
-4.414330571428569,8.812603714285709
-4.608137999999997,8.92362714285714
-4.8068971428571405,9.038879428571423
-5.011135714285711,9.158290571428566
-5.215774285714282,9.280984285714279
-5.419178857142853,9.406199142857137
-5.620999714285711,9.534049142857135
-5.821032285714281,9.664011142857136
-6.0197994285714245,9.798938857142849
-6.216754285714282,9.937635999999992
-6.411922285714281,10.07915628571428
-6.60526171428571,10.22226685714285
-6.796442857142853,10.368237142857136
-6.983710285714281,10.516728571428565
-7.167909428571424,10.668445714285706
-7.350227142857137,10.82419142857142
-7.530387428571423,10.983542857142849
-7.707148571428566,11.146897142857135
-7.880980857142851,11.314837142857133
-8.052141999999995,11.487774285714279
-8.220842857142852,11.665745714285707
-8.385199999999994,11.849491428571419
-8.545054571428565,12.037831428571419
-8.70002828571428,12.229739999999993
-8.85415285714285,12.421328571428564
-8.981421714285709,12.632668571428562
-9.09455571428571,12.853442857142847
-9.20698628571428,13.073234285714275
-9.333260571428564,13.281308571428562
-9.447158285714279,13.496245714285704
-9.553107142857137,13.714274285714277
-9.652137142857136,13.935305714285706
-9.745681714285709,14.159802857142846
-9.831860285714278,14.387937142857133
-9.910975142857136,14.618851428571416
-9.981929142857137,14.85213999999999
-10.061019142857138,14.835139999999992
-10.05690228571428,16.086325714285703
-10.006635999999993,17.761239999999987
-9.95884342857142,19.01494857142856
-9.97482028571428,19.00235714285713
-9.977666571428564,19.244245714285704
-9.978917714285707,19.476528571428556
-9.979090285714278,19.706219999999988
-9.97864085714285,19.938865714285697
-9.977840571428565,20.1816257142857
-9.976885999999993,20.423908571428555
-9.97007428571428,20.662979999999983
-9.96078428571428,20.900225714285696
-9.952311428571422,21.138211428571413
-9.947937142857135,21.380468571428555
-9.941801999999992,21.62245714285713
-9.935012571428565,21.86436285714284
-9.927750285714279,22.10525428571427
-9.920365714285708,22.345651428571415
-9.913505428571423,22.585708571428555
-9.907778571428565,22.82604285714284
-9.903168285714278,23.066588571428554
-9.89949885714285,23.30778285714284
-9.896684857142848,23.549331428571413
-9.896174285714277,23.792028571428556
-9.889626571428563,24.021397142857126
-9.881758571428565,24.246317142857123
-9.876911999999994,24.476031428571414
-9.879055428571421,24.717948571428554
-9.880503428571421,24.96053142857141
-9.876675714285707,25.187117142857126
-9.870763714285708,25.40919999999998
-9.866023428571422,25.637348571428554
-9.865889142857135,25.88125142857141
-9.865440571428564,26.123714285714268
-9.860299714285707,26.356165714285698
-9.853303428571422,26.58536285714284
-9.847423428571421,26.81737999999998
-9.84578685714285,27.058494285714268
-9.84337542857142,27.296422857142844
-9.840689714285705,27.53375142857141
-9.838006857142851,27.770554285714265
-9.835611999999992,28.0078057142857
-9.833841142857137,28.246114285714267
-9.83235628571428,28.486337142857124
-9.831161714285708,28.72650857142855
-9.830459999999993,28.964997142857122
-9.82979828571428,29.20258857142855
-9.828865142857136,29.441302857142837
-9.827526285714278,29.681042857142838
-9.826213428571421,29.920531428571408
-9.824925714285708,30.159799999999983
-9.82363885714285,30.399191428571406
-9.822675714285708,30.63783999999998
-9.822212857142851,30.874599999999976
-9.822593428571421,31.109251428571408
-9.824085999999994,31.34312571428569
-9.82689228571428,31.576679999999975
-9.831642571428564,31.81077428571426
-9.837903714285709,32.04557714285712
-9.845325142857137,32.28127999999998
-9.853979142857135,32.51733142857141
-9.865064857142851,32.75371142857141
-9.880104571428566,32.98908285714283
-9.898740571428565,33.22373999999998
-9.92029885714285,33.45654285714283
-9.943911142857136,33.68714857142855
-9.97018685714285,33.91464285714284
-9.998899142857136,34.140688571428555
-10.029666285714278,34.36615142857141
-10.065145428571421,34.591882857142835
-10.104065714285706,34.81742285714283
-10.145185714285708,35.04296571428569
-10.187265714285708,35.26796857142855
-10.233165714285708,35.49149714285712
-10.283488571428567,35.713585714285685
-10.338388571428567,35.93407999999998
-10.399145714285705,36.15255999999998
-10.466688571428563,36.36931428571426
-10.541708571428565,36.58533714285712
-10.62327428571428,36.80046857142855
-10.710585714285706,37.01462285714283
-10.808568571428562,37.22683714285712
-10.914668571428566,37.436728571428546
-11.025688571428564,37.644042857142836
-11.137679999999992,37.84763999999998
-11.25449142857142,38.04527999999998
-11.37519142857142,38.238005714285684
-11.500234285714278,38.42652857142854
-11.629968571428563,38.610931428571405
-11.764282857142849,38.790908571428545
-11.902539999999993,38.96710571428569
-12.044328571428563,39.13910857142855
-12.188771428571421,39.30702857142854
-12.336654285714276,39.47226571428569
-12.488928571428561,39.63611999999998
-12.645034285714278,39.79836857142854
-12.802705714285707,39.957551428571406
-12.959785714285704,40.11499428571426
-13.108117142857132,40.278042857142836
-13.299654285714276,40.4050314285714
-13.50395999999999,40.517737142857115
-13.690985714285704,40.64035428571426
-13.833442857142847,40.795865714285696
-13.984385714285704,40.94262285714282
-14.136591428571418,41.089074285714254
-14.291185714285703,41.23527142857141
-14.44485999999999,41.37902857142854
-14.594899999999988,41.518968571428545
-14.74295999999999,41.657328571428536
-14.893371428571418,41.7967514285714
-15.046091428571417,41.93719999999997
-15.20149999999999,42.079405714285684
-15.358134285714275,42.221762857142835
-15.515462857142845,42.36303999999998
-15.673851428571417,42.50266571428568
-15.834297142857134,42.641522857142824
-15.99650857142856,42.77913428571425
-16.159071428571416,42.91401999999997
-16.321954285714277,43.046031428571396
-16.484962857142847,43.1747714285714
-16.6447657142857,43.297442857142826
-16.82103428571427,43.42745714285711
-17.005277142857132,43.556148571428544
-17.187294285714277,43.67674857142854
-17.356134285714276,43.78227714285712
-17.531614285714276,43.88735999999997
-17.712099999999985,43.988857142857114
-17.897442857142845,44.08327142857139
-18.08632857142856,44.171542857142825
-18.27823714285713,44.25502857142854
-18.472822857142845,44.33524857142854
-18.66997428571427,44.40880857142854
-18.86916857142856,44.47612857142854
-19.07215428571427,44.53631999999997
-19.27837428571427,44.59002857142853
-19.48653714285713,44.63821999999997
-19.69487714285713,44.682208571428546
-19.905479999999987,44.72234857142854
-20.1184457142857,44.75867142857139
-20.33272285714284,44.79167714285711
-20.546179999999982,44.82165428571426
-20.75882857142856,44.84929142857139
-20.970888571428556,44.874199999999966
-21.182768571428554,44.89630571428568
-21.39457428571427,44.920317142857115
-21.606759999999984,44.94434285714283
-21.81928285714284,44.96616857142854
-22.03192285714284,44.98339999999997
-22.2447457142857,44.999917142857115
-22.457482857142843,45.0168314285714
-22.670994285714272,45.033402857142825
-22.86833428571427,45.05430285714283
-23.153048571428556,45.04511714285711
-23.46583142857141,45.026551428571395
-23.74855428571427,45.01739428571425
-23.943851428571413,45.036291428571396
-24.156305714285697,45.049499999999966
-24.36891428571427,45.06162285714283
-24.576297142857122,45.07847999999997
-24.780497142857122,45.09707999999997
-24.98432285714284,45.114217142857115
-25.18923142857141,45.12649999999997
-25.390839999999983,45.13949999999997
-25.58908285714284,45.14978857142854
-25.791722857142837,45.17227999999997
-26.018277142857126,45.19965714285711
-26.249414285714266,45.22244285714282
-26.466274285714267,45.231314285714255
-26.664479999999983,45.23905142857139
-26.87399999999998,45.2552914285714
-27.085414285714265,45.27353999999997
-27.294531428571407,45.287634285714255
-27.498031428571412,45.29171714285712
-27.700077142857126,45.29415428571426
-27.91951428571427,45.30815999999997
-28.144768571428553,45.325314285714256
-28.365091428571407,45.33743714285711
-28.570394285714265,45.336391428571396
-28.779654285714265,45.33505428571425
-28.994588571428555,45.3465914285714
-29.21217999999998,45.3621314285714
-29.42968857142855,45.37294857142854
-29.64230857142855,45.370574285714255
-29.85507999999998,45.37077142857139
-30.068402857142836,45.371937142857114
-30.283131428571405,45.37383142857139
-30.49873999999998,45.37577714285712
-30.71515142857141,45.37699999999997
-30.93290285714284,45.37821714285711
-31.153439999999982,45.37454857142854
-31.366937142857125,45.395079999999965
-31.578379999999978,45.42334285714283
-31.793257142857122,45.44321999999997
-32.01681714285712,45.43881714285711
-32.23891428571427,45.437305714285685
-32.46474285714283,45.44674857142854
-32.69274571428569,45.459751428571394
-32.92073714285712,45.46896857142855
-33.14611714285712,45.46711714285711
-33.371882857142836,45.465105714285684
-33.59979428571426,45.47386571428569
-33.828848571428544,45.48600857142854
-34.057722857142835,45.494345714285686
-34.28550571428569,45.491582857142824
-34.51144571428569,45.48960285714283
-34.74896857142855,45.49243142857139
-34.99072857142855,45.49646857142854
-35.22973999999998,45.49822285714282
-35.4573514285714,45.49400857142854
-35.68545714285712,45.48745714285711
-35.92044285714284,45.4913914285714
-36.157805714285686,45.49755714285711
-36.39230571428569,45.498142857142824
-36.61911428571426,45.485417142857116
-36.84528857142855,45.47283714285711
-37.08219428571426,45.464214285714256
-37.3233314285714,45.45559999999997
-37.561497142857114,45.44339714285711
-37.7895914285714,45.42446857142855
-38.02072285714283,45.402959999999965
-38.24619999999997,45.3932914285714
-38.4693714285714,45.38671714285711
-38.694045714285686,45.37466285714282
-38.924797142857116,45.349062857142826
-39.15534857142854,45.32301142857139
-39.38582285714283,45.29593142857139
-39.614868571428545,45.26964571428569
-39.84305428571426,45.245682857142825
-40.07203714285712,45.221099999999964
-40.30358571428569,45.1911914285714
-40.53301714285712,45.1865314285714
-40.76158571428569,45.190554285714256
-40.99166857142855,45.1863971428571
-41.22608285714283,45.157059999999966
-41.46328571428569,45.13033999999997
-41.69060285714282,45.11570285714283
-41.915005714285684,45.1047714285714
-42.14327999999997,45.089485714285686
-42.382777142857115,45.06199999999997
-42.61819142857139,45.0347714285714
-42.85355142857139,45.00637714285711
-43.09068285714282,44.97825714285712
-43.33071428571426,44.952168571428544
-43.570477142857115,44.925777142857115
-43.811137142857106,44.90445999999997
-44.05307428571426,44.88533999999997
-44.29658285714283,44.86559714285711
-44.54056285714283,44.84192571428568
-44.784608571428535,44.82285714285712
-45.027471428571396,44.805837142857115
-45.26933714285711,44.788597142857114
-45.51013428571425,44.76870857142853
-45.75069428571425,44.748125714285685
-45.99245428571425,44.73333142857139
-46.2369514285714,44.720251428571395
-46.483751428571395,44.70489999999997
-46.73716857142854,44.6773514285714
-46.97178571428569,44.68026285714283
-47.201294285714255,44.69223428571425
-47.43839714285711,44.693551428571396
-47.69673714285711,44.664708571428534
-47.9566714285714,44.6412914285714
-48.193411428571395,44.61872285714282
-48.42287428571425,44.59609428571426
-48.66052285714282,44.5725914285714
-48.922837142857105,44.54673714285711
-49.18141999999997,44.52265428571425
-49.44096571428568,44.49831142857139
-49.70099428571425,44.47216285714282
-49.96066571428568,44.44291999999997
-50.22050857142854,44.41284285714282
-50.480568571428535,44.38148857142855
-50.74075714285711,44.34901428571426
-51.00065714285711,44.31590571428568
-51.2599914285714,44.28284285714283
-51.51886285714282,44.24992571428568
-51.77838285714282,44.216005714285686
-52.03934285714282,44.18491714285712
-52.30099142857139,44.15540285714283
-52.562497142857104,44.12533428571425
-52.824074285714254,44.091797142857104
-53.08617428571424,44.06121714285712
-53.3484171428571,44.03169142857139
-53.610937142857104,44.00187714285711
-53.87287142857139,43.97037999999996
-54.14000285714282,43.9401314285714
-54.38582857142853,43.91294285714282
-54.60202285714281,43.888871428571406
-54.79779999999996,43.86617428571426
-55.000665714285674,43.843017142857114
-55.20411142857139,43.81941714285711
-55.40666571428568,43.79910857142854
-55.60859428571425,43.77996571428568
-55.810725714285674,43.759925714285686
-56.01314857142853,43.73698285714283
-56.21571142857139,43.71478285714282
-56.41773999999997,43.69179714285711
-56.62030285714282,43.6743514285714
-56.822548571428534,43.6592914285714
-57.02395428571425,43.64319428571426
-57.2239514285714,43.6224914285714
-57.42425142857139,43.60261999999997
-57.61921142857139,43.58593714285711
-57.836342857142824,43.568348571428544
-58.084391428571394,43.54752857142854
-58.35437142857138,43.52265714285711
-58.624217142857106,43.49743999999997
-58.86675142857139,43.48015428571426
-59.09993999999996,43.465888571428536
-59.342565714285676,43.44949999999997
-59.61137428571425,43.42494285714283
-59.87264571428567,43.406908571428545
-60.13300285714281,43.390765714285685
-60.39369999999996,43.37330857142854
-60.65562857142852,43.345457142857114
-60.906534285714244,43.349134285714264
-61.15304571428567,43.36231999999997
-61.40195142857139,43.3642714285714
-61.660165714285675,43.33492571428569
-61.91727142857138,43.31166571428568
-62.17248285714281,43.28666857142854
-62.426817142857104,43.26083142857139
-62.6808171428571,43.23515999999997
-62.935885714285675,43.21016571428569
-63.190471428571385,43.18579999999997
-63.44521142857138,43.16123428571426
-63.69971999999996,43.135331428571405
-63.953428571428525,43.107059999999976
-64.20681142857138,43.07818285714283
-64.46046571428566,43.04829714285711
-64.71366285714282,43.01763714285711
-64.96547142857139,42.98656571428569
-65.21928857142854,42.94973999999997
-65.45539999999995,42.93937428571426
-65.68388285714282,42.938111428571396
-65.91610285714282,42.928482857142825
-66.16449142857138,42.892491428571404
-66.40965142857138,42.86099999999997
-66.65674857142852,42.83562285714282
-66.90502857142853,42.81261999999997
-67.15317999999996,42.78813999999997
-67.39983142857139,42.758225714285686
-67.6468771428571,42.727862857142824
-67.89531428571425,42.70732571428569
-68.14342285714281,42.690282857142826
-68.38897714285709,42.670537142857114
-68.63393142857137,42.640208571428545
-68.8651028571428,42.6193714285714
-69.0901571428571,42.60126285714283
-69.31696857142853,42.58107428571425
-69.55614857142851,42.553614285714254
-69.79563428571424,42.52569428571426
-70.03274285714281,42.50657428571425
-70.2697171428571,42.49001428571425
-70.51039142857138,42.469808571428544
-70.7565828571428,42.44046857142854
-71.00173714285708,42.41202285714282
-71.24383142857138,42.39019428571426
-71.48193999999995,42.371108571428536
-71.71593428571424,42.35065714285711
-71.9475571428571,42.32398857142854
-72.17522857142852,42.30045428571426
-72.3980371428571,42.27839999999997
-72.61614857142851,42.2568914285714
-72.83176285714282,42.23422285714283
-73.04392571428566,42.2106714285714
-73.25113428571424,42.1945114285714
-73.45647714285708,42.180477142857114
-73.66498857142852,42.16325714285711
-73.87805999999995,42.13826857142854
-74.09318857142851,42.11282285714283
-74.31853999999994,42.094408571428545
-74.54959142857138,42.078108571428544
-74.78073428571423,42.05928285714283
-75.00725142857138,42.03174285714283
-75.2368028571428,42.013597142857115
-75.46737999999995,41.998862857142825
-75.69782285714281,41.98277428571426
-75.92763428571423,41.96012285714283
-76.1570628571428,41.93773714285712
-76.38737142857137,41.92442571428568
-76.61803714285708,41.91457428571425
-76.8484371428571,41.90228857142854
-77.07801714285709,41.881834285714255
-77.30687714285708,41.86245714285711
-77.5396228571428,41.847782857142825
-77.77396857142853,41.83498571428569
-78.00809428571424,41.82115714285712
-78.2388028571428,41.80049428571425
-78.4719028571428,41.79371714285712
-78.70494571428566,41.791122857142824
-78.93579999999994,41.784191428571404
-79.16186857142851,41.76436571428569
-79.3857228571428,41.74616857142854
-79.61026857142852,41.7335514285714
-79.83435428571424,41.72299999999997
-80.05656285714281,41.71078857142854
-80.27698857142852,41.69298285714282
-80.49743999999994,41.67518285714283
-80.72464285714281,41.66189428571426
-80.95473428571424,41.650014285714256
-81.18425428571423,41.6362914285714
-81.40890571428567,41.61664857142854
-81.64369999999994,41.602554285714255
-81.88066571428566,41.59031428571426
-82.11434571428566,41.57686857142854
-82.34077142857137,41.55797999999997
-82.56512857142852,41.542805714285684
-82.78915142857136,41.52786857142854
-83.01461142857137,41.510977142857115
-83.24210857142852,41.4899914285714
-83.4679628571428,41.46733428571426
-83.68569428571422,41.4531914285714
-83.90044571428567,41.44147428571426
-84.11761142857137,41.42609999999997
-84.34341142857137,41.401217142857114
-84.56993999999995,41.376128571428545
-84.79591714285708,41.35909714285712
-85.02197999999994,41.3446114285714
-85.24971428571422,41.327145714285685
-85.4808771428571,41.29974285714283
-85.7054228571428,41.281254285714255
-85.92679428571424,41.265497142857114
-86.14917142857136,41.247748571428545
-86.37757428571422,41.22294857142854
-86.60482571428565,41.199034285714255
-86.83777999999994,41.17810571428569
-87.07291999999995,41.158679999999976
-87.30626571428564,41.13881428571426
-87.53500285714279,41.114688571428545
-87.76101142857136,41.09904285714283
-87.98577999999993,41.08581428571425
-88.21159142857137,41.06963714285711
-88.44046285714279,41.045308571428535
-88.67003428571422,41.0211914285714
-88.89282571428566,41.004794285714254
-89.11332857142853,40.99074571428568
-89.33593714285709,40.97382571428568
-89.56241999999993,40.94738285714283
-89.80669999999995,40.9322314285714
-90.05789142857137,40.92051714285712
-90.30326571428566,40.90592857142855
-90.53039999999994,40.882265714285694
-90.76060571428565,40.86077999999998
-90.9906885714285,40.84034285714283
-91.2204228571428,40.82091714285711
-91.4508028571428,40.802142857142826
-91.6823885714285,40.78361714285712
-91.91691999999992,40.762988571428544
-92.14553142857136,40.759005714285685
-92.37267999999995,40.7620714285714
-92.60200571428564,40.76246857142854
-92.83767714285707,40.74995714285711
-93.07252285714279,40.74267999999997
-93.30843142857135,40.738459999999975
-93.5441085714285,40.737265714285684
-93.77932571428565,40.73886857142854
-94.01461428571422,40.743159999999975
-94.25005714285707,40.7509114285714
-94.48477428571422,40.76317999999998
-94.71905428571422,40.779537142857116
-94.95263714285707,40.79966285714283
-95.18515999999994,40.82310857142854
-95.41629999999994,40.85072285714283
-95.6461228571428,40.88231999999997
-95.87461714285708,40.91958285714283
-96.10229428571421,40.962625714285686
-96.32948285714279,41.0114314285714
-96.55591714285708,41.06583428571426
-96.78097428571422,41.12708285714283
-97.00445714285708,41.1945514285714
-97.22453142857137,41.26965714285711
-97.44118857142851,41.351077142857115
-97.6550285714285,41.43718285714283
-97.77860571428565,41.467348571428545
-98.34545142857137,41.79541999999997
-99.05837142857135,42.224265714285686
-99.6225485714285,42.55255999999997
-99.73559714285707,42.6073114285714
-99.93750857142851,42.72733428571425
-100.14263714285707,42.84101714285711
-100.35386285714277,42.93556571428569
-100.56385714285707,43.033251428571404
-100.76977142857136,43.14379428571426
-100.97414285714278,43.259665714285674
-101.17965714285708,43.37318285714283
-101.39048571428563,43.47542285714283
-101.58274285714279,43.582831428571396
-101.76868571428562,43.69228285714283
-101.96099999999993,43.80289428571426
-102.16865714285706,43.912837142857114
-102.37099999999994,44.023465714285685
-102.57091428571421,44.13412285714283
-102.7704285714285,44.24501714285711
-102.96897142857136,44.35290857142854
-103.17005714285708,44.478228571428545
-103.37111428571421,44.608634285714245
-103.57068571428564,44.73271999999997
-103.7659142857142,44.839031428571396
-103.96008571428564,44.949034285714255
-104.15139999999992,45.058448571428535
-104.34185714285707,45.168722857142825
-104.53274285714278,45.280888571428534
-104.7238285714285,45.394745714285676
-104.91779999999991,45.50551428571425
-105.08659999999993,45.63418857142854
-105.24765714285708,45.76951999999997
-105.4170285714285,45.89977142857139
-105.61154285714278,46.012428571428536
-105.79202857142849,46.132425714285674
-105.9702285714285,46.25424285714283
-106.15219999999992,46.37580285714282
-106.3428285714285,46.49453142857139
-106.53139999999993,46.61245999999997
-106.72574285714279,46.74185714285711
-106.92174285714277,46.87445999999997
-107.11654285714278,47.00284571428569
-107.30765714285707,47.11976285714283
-107.50177142857135,47.23756285714283
-107.69294285714278,47.3552314285714
-107.88405714285707,47.47168571428569
-108.07731428571422,47.58596285714282
-108.27362857142849,47.696522857142824
-108.47677142857135,47.80530571428567
-108.68448571428564,47.91068571428568
-108.89294285714278,48.01149142857139
-109.0984285714285,48.107722857142825
-109.30765714285707,48.19484285714283
-109.51908571428565,48.2751714285714
-109.73199999999991,48.351339999999965
-109.94725714285707,48.42590571428568
-110.16331428571421,48.494477142857114
-110.38077142857136,48.55539999999996
-110.59948571428563,48.61066857142853
-110.82034285714278,48.66199714285711
-111.04165714285706,48.71094857142854
-111.2645142857142,48.75333714285711
-111.48739999999991,48.79025428571425
-111.71025714285706,48.822434285714245
-111.93299999999992,48.85075999999997
-112.15725714285706,48.87359999999997
-112.38148571428563,48.89065428571425
-112.60517142857137,48.90186285714283
-112.82908571428564,48.90728857142854
-113.05474285714278,48.90553999999996
-113.28437142857136,48.90601428571425
-113.5140285714285,48.90393428571425
-113.74202857142849,48.89453428571426
-113.9678285714285,48.873542857142816
-114.19517142857134,48.848968571428536
-114.4213999999999,48.8361971428571
-114.64777142857135,48.82686857142854
-114.87457142857136,48.81271714285711
-115.10345714285707,48.781994285714255
-115.3252285714285,48.772071428571394
-115.54359999999991,48.76968571428568
-115.76162857142849,48.76328285714282
-115.98408571428563,48.74053428571425
-116.20517142857135,48.720857142857106
-116.4268285714285,48.702414285714255
-116.64899999999993,48.68441999999997
-116.87242857142847,48.66627428571425
-117.09657142857135,48.64712571428568
-117.3199142857142,48.62838285714282
-117.54028571428563,48.606294285714256
-117.77117142857134,48.59978285714281
-118.0043142857142,48.598057142857115
-118.23248571428564,48.59068285714282
-118.4498285714285,48.567199999999964
-118.67119999999993,48.54436857142854
-118.8879999999999,48.53243428571425
-119.10265714285705,48.523422857142826
-119.31822857142849,48.50965714285711
-119.53994285714278,48.48177714285711
-119.75725714285706,48.46395142857139
-119.97357142857135,48.4478971428571
-120.19222857142849,48.427939999999964
-120.41717142857135,48.398574285714254
-120.64222857142849,48.369625714285675
-120.87097142857134,48.34503999999997
-121.09977142857136,48.3224114285714
-121.32719999999992,48.299057142857116
-121.55057142857135,48.272117142857105
-121.77308571428563,48.246628571428545
-121.99308571428561,48.22266285714282
-122.21074285714276,48.19975428571425
-122.4253142857142,48.17404285714283
-122.64231428571419,48.165502857142826
-122.86077142857135,48.16331428571425
-123.07894285714278,48.15535142857139
-123.29374285714277,48.12994285714283
-123.50839999999991,48.10681714285711
-123.72571428571422,48.08787142857139
-123.94545714285705,48.07031999999996
-124.16702857142849,48.0515914285714
-124.38605714285706,48.02904285714283
-124.60365714285706,48.00630285714282
-124.82439999999991,47.99014285714282
-125.0475142857142,47.976325714285686
-125.26985714285706,47.96067714285711
-125.49037142857134,47.936711428571385
-125.70571428571418,47.92409999999997
-125.92062857142848,47.91472285714282
-126.13919999999992,47.90207428571425
-126.36517142857133,47.87981714285711
-126.5865142857142,47.85862571428569
-126.8191142857142,47.845074285714254
-127.05488571428562,47.833657142857106
-127.28639999999992,47.81909999999997
-127.50377142857133,47.79417714285711
-127.73468571428562,47.7821114285714
-127.96922857142847,47.773645714285685
-128.20039999999992,47.761191428571394
-128.4209142857142,47.73718285714283
-128.64125714285706,47.71442857142854
-128.8753999999999,47.698831428571395
-129.11334285714275,47.68587714285711
-129.34599999999992,47.671031428571396
-129.56671428571417,47.64769999999997
-129.7830285714285,47.63418571428568
-129.99679999999992,47.623239999999974
-130.21345714285707,47.609214285714245
-130.4389999999999,47.58631714285711
-130.66519999999988,47.56336857142853
-130.88674285714276,47.54699999999996
-131.10557142857132,47.53265999999996
-131.32682857142848,47.515559999999965
-131.55617142857133,47.49112571428568
-131.78411428571422,47.466388571428546
-132.01434285714276,47.45289714285711
-132.24382857142848,47.44306571428568
-132.47228571428565,47.429308571428535
-132.6969999999999,47.40480857142854
-132.9233142857142,47.380422857142825
-133.15228571428563,47.36532285714282
-133.38405714285705,47.353311428571395
-133.61834285714275,47.338085714285675
-133.85282857142846,47.313057142857105
-134.08908571428563,47.28896285714282
-134.32717142857135,47.26448285714283
-134.5668285714285,47.239794285714254
-134.80708571428562,47.21485142857139
-135.0469999999999,47.18928285714283
-135.28719999999993,47.16031714285712
-135.51897142857132,47.14786571428568
-135.74694285714276,47.141302857142826
-135.97697142857135,47.12965714285711
-136.21339999999992,47.101725714285685
-136.45285714285703,47.07480285714283
-136.67882857142848,47.05687428571425
-136.8993999999999,47.042111428571395
-137.1224285714285,47.024777142857104
-137.3601142857142,46.99680857142854
-137.58839999999992,46.98015999999997
-137.8135142857142,46.966471428571396
-138.03988571428562,46.94940857142854
-138.27199999999988,46.92311714285711
-138.5036857142856,46.896805714285684
-138.73177142857134,46.88231142857139
-138.95922857142847,46.872088571428534
-139.18965714285704,46.8584114285714
-139.4244857142856,46.83370857142854
-139.65765714285703,46.80899999999996
-139.89288571428563,46.79661142857139
-140.12802857142847,46.788019999999975
-140.3594285714285,46.77486857142854
-140.58662857142846,46.7476771428571
-140.80554285714277,46.72965714285711
-141.02154285714278,46.71410285714282
-141.23928571428564,46.696671428571406
-141.46425714285704,46.672708571428544
-141.68971428571416,46.649451428571396
-141.9065999999999,46.63037714285711
-142.1203999999999,46.61272285714283
-142.3372857142856,46.59383999999997
-142.56274285714275,46.57104285714283
-142.78797142857132,46.54827714285712
-143.0047714285713,46.52893714285712
-143.2189714285713,46.51059714285711
-143.43645714285705,46.49105428571425
-143.66168571428562,46.46658285714282
-143.89911428571418,46.448725714285686
-144.14179999999988,46.432557142857114
-144.38148571428562,46.413999999999966
-144.6098285714285,46.389099999999964
-144.8427999999999,46.36499142857139
-145.06785714285706,46.34257714285711
-145.2909714285713,46.32085714285711
-145.51871428571417,46.2985914285714
-145.75837142857134,46.27288857142854
-145.98902857142846,46.25519142857139
-146.21714285714273,46.239957142857115
-146.44794285714275,46.22230571428568
-146.6875142857142,46.197157142857115
-146.9253142857142,46.172728571428536
-147.16519999999988,46.15554285714282
-147.40462857142847,46.1404114285714
-147.6436857142856,46.122634285714255
-147.88217142857133,46.09589428571425
-148.12131428571422,46.080957142857116
-148.3605142857142,46.06970285714282
-148.6010857142856,46.05532857142855
-148.84391428571416,46.03086571428568
-149.08537142857134,46.00646285714282
-149.33345714285701,45.99054285714283
-149.58371428571417,45.97709714285712
-149.83128571428563,45.96001428571425
-150.07108571428563,45.93379714285712
-150.31191428571418,45.907842857142825
-150.55317142857132,45.88112285714283
-150.79474285714275,45.85444571428568
-151.03742857142848,45.82867428571426
-151.2809999999999,45.7993914285714
-151.52322857142846,45.7888714285714
-151.76359999999988,45.78496285714283
-152.00408571428562,45.77511714285711
-152.24565714285703,45.74677428571425
-152.49034285714276,45.72011428571425
-152.7194857142856,45.70114857142853
-152.94477142857133,45.68486857142854
-153.17522857142848,45.666194285714255
-153.4215999999999,45.63988285714282
-153.66722857142844,45.61324857142854
-153.90054285714274,45.5977914285714
-154.12854285714275,45.58581428571425
-154.35908571428558,45.569914285714255
-154.6021999999999,45.54105999999997
-154.84002857142846,45.522388571428536
-155.076457142857,45.50605428571426
-155.3125714285713,45.48663714285711
-155.55234285714275,45.45847428571425
-155.7947999999999,45.42937428571425
-156.02657142857132,45.41089999999997
-156.25459999999987,45.39530571428568
-156.4865999999999,45.37492857142854
-156.7299999999999,45.340825714285685
-156.97385714285704,45.31730857142854
-157.21905714285703,45.29601428571425
-157.46325714285703,45.271068571428536
-157.70542857142848,45.23544571428569
-157.94445714285706,45.20842285714283
-158.1826285714285,45.18330857142854
-158.42274285714274,45.15286571428568
-158.66539999999992,45.12871428571425
-158.90734285714277,45.110268571428534
-159.1500857142856,45.087057142857105
-159.3949999999999,45.050174285714256
-159.64211428571417,45.01550571428568
-159.88357142857132,44.9833714285714
-160.12234285714277,44.952168571428544
-160.36197142857134,44.920297142857116
-160.60574285714276,44.88636571428569
-160.84811428571416,44.85207142857139
-161.08534285714273,44.82539142857139
-161.32031428571418,44.801491428571396
-161.55657142857132,44.775237142857115
-161.80022857142848,44.74018571428569
-162.0317999999999,44.71538571428569
-162.25919999999988,44.6941914285714
-162.49051428571417,44.67087142857139
-162.73691428571416,44.63809428571425
-162.96777142857133,44.6146114285714
-163.1938857142856,44.59376285714283
-163.42468571428557,44.5705314285714
-163.6699999999999,44.53887428571426
-163.91239999999988,44.51497999999997
-164.1545999999999,44.492951428571395
-164.39808571428563,44.46849428571426
-164.64582857142847,44.43633999999997
-164.87622857142844,44.411897142857114
-165.10102857142846,44.38971999999997
-165.3324857142856,44.365559999999974
-165.58371428571417,44.33382285714282
-165.82671428571416,44.309528571428544
-166.06919999999988,44.2874714285714
-166.31454285714275,44.263885714285685
-166.5670857142856,44.235271428571394
-166.81774285714275,44.206194285714254
-167.06834285714274,44.1767314285714
-167.31865714285703,44.1481114285714
-167.56925714285703,44.12147428571426
-167.82282857142843,44.0942314285714
-168.06251428571417,44.06357142857139
-168.29622857142846,44.031437142857115
-168.5331714285713,43.999742857142834
-168.78425714285703,43.96899428571426
-169.0341714285713,43.94448285714282
-169.28474285714273,43.922442857142826
-169.53382857142844,43.89852285714283
-169.78091428571418,43.868091428571404
-170.0311714285713,43.83716571428568
-170.26968571428557,43.81690285714283
-170.505057142857,43.79999714285711
-170.74542857142848,43.77910857142854
-170.99982857142845,43.747008571428545
-171.25234285714276,43.71520571428569
-171.5043999999999,43.68937428571426
-171.7566857142856,43.66521714285712
-172.008657142857,43.638485714285686
-172.2613714285713,43.60313999999997
-172.50454285714272,43.578459999999964
-172.7448857142856,43.55635428571425
-172.98702857142845,43.53019714285712
-173.23525714285702,43.49356571428569
-173.48291428571417,43.45740857142854
-173.71399999999988,43.422865714285685
-173.9379999999999,43.38938857142854
-174.16474285714276,43.356179999999966
-174.40534285714276,43.32144857142853
-174.6424857142856,43.28641714285712
-174.88219999999987,43.25776857142854
-175.12254285714275,43.23120571428568
-175.36394285714275,43.2022914285714
-175.60582857142845,43.166951428571394
-175.84879999999987,43.13160571428568
-176.0975999999999,43.100874285714255
-176.3473999999999,43.070971428571404
-176.59285714285704,43.038974285714254
-176.83008571428562,43.00343714285711
-177.06851428571417,42.96225142857139
-177.3074857142856,42.91863999999997
-177.5460857142856,42.87720285714283
-177.78408571428557,42.84256571428568
-178.02625714285702,42.80485714285712
-178.25331428571417,42.7771914285714
-178.4756857142856,42.75342571428568
-178.70391428571415,42.72702571428568
-178.86554285714274,42.698222857142824
-179.43325714285703,42.63800285714282
-180.13851428571414,42.57352571428568
-180.7070857142856,42.538171428571395
-180.86451428571416,42.549765714285684
-181.1029999999999,42.55855428571425
-181.34199999999987,42.56815999999997
-181.5787999999999,42.58114285714283
-181.81934285714274,42.61887999999997
-182.05982857142843,42.6690714285714
-182.29585714285702,42.71959428571426
-182.52274285714276,42.757994285714254
-182.75159999999985,42.805114285714254
-182.96491428571414,42.87742571428568
-183.17182857142845,42.96498857142854
-183.38017142857132,43.05680571428569
-183.59891428571416,43.14234285714283
-183.809257142857,43.23902285714282
-184.01148571428558,43.34681428571426
-184.20382857142846,43.46072857142854
-184.38717142857132,43.57662571428568
-184.56731428571416,43.68561714285711
-184.73408571428558,43.82585428571426
-184.89239999999987,43.976474285714254
-185.04811428571415,44.118331428571395
-185.20914285714272,44.23165428571426
-185.37325714285703,44.36221714285711
-185.53991428571416,44.498459999999966
-185.70477142857135,44.63344857142854
-185.86365714285705,44.760791428571395
-186.02662857142843,44.886911428571395
-186.19094285714272,45.01089428571426
-186.35645714285704,45.13405714285711
-186.52097142857127,45.25735714285711
-186.68877142857127,45.374917142857115
-186.8585714285713,45.48868857142854
-187.03199999999987,45.60074857142854
-187.20934285714273,45.71200285714282
-187.39097142857128,45.822819999999965
-187.5820857142856,45.91439428571425
-187.7765714285713,45.991717142857105
-187.9703714285713,46.06244857142854
-188.15837142857131,46.13717999999997
-188.351257142857,46.20067428571426
-188.56311428571416,46.258842857142824
-188.7945714285713,46.31018571428568
-189.03442857142846,46.350691428571395
-189.2734285714284,46.37256571428568
-189.5160857142856,46.37662857142854
-189.75882857142847,46.3630314285714
-189.9964857142856,46.33082857142854
-190.22751428571416,46.27941142857139
-190.454657142857,46.2138914285714
-190.66085714285703,46.120345714285676
-190.851457142857,46.00567999999996
-191.03619999999987,45.88001142857139
-191.22431428571417,45.75479999999997
-191.40034285714273,45.61623999999997
-191.5657428571427,45.46732285714283
-191.72242857142845,45.30756571428568
-191.8694857142856,45.128871428571394
-192.007857142857,44.93419714285711
-192.13539999999986,44.72910285714282
-192.25042857142844,44.5183714285714
-192.34848571428557,44.29677428571425
-192.42799999999986,44.068419999999975
-192.48859999999985,43.83721999999997
-192.52888571428556,43.60158571428569
-192.54894285714272,43.36083999999997
-192.5485714285713,43.11702857142854
-192.5297714285713,42.87577999999997
-192.48711428571414,42.633399999999966
-192.4225428571427,42.394542857142824
-192.33848571428558,42.16433428571426
-192.23908571428558,41.948277142857116
-192.12154285714274,41.741382857142824
-191.9960285714284,41.54924857142854
-191.8599714285713,41.36874857142854
-191.71891428571416,41.196774285714255
-191.5253714285713,41.0244114285714
-191.31471428571416,40.858468571428546
-191.11271428571413,40.6996514285714
-190.94439999999986,40.54923999999997
-190.76611428571414,40.39700285714282
-190.5841428571427,40.24544571428569
-190.41559999999987,40.12782285714283
-190.14702857142845,39.8612914285714
-189.8445714285713,39.545448571428544
-189.5709714285713,39.28491999999997
-189.3869999999999,39.183619999999976
-189.17917142857132,39.05564571428569
-188.96505714285703,38.932719999999975
-188.74677142857132,38.814202857142824
-188.52817142857128,38.70094571428568
-188.31182857142846,38.59320857142855
-188.096257142857,38.49258285714283
-187.87982857142842,38.3981514285714
-187.66074285714274,38.30913714285712
-187.43842857142846,38.225011428571406
-187.21248571428558,38.147308571428546
-186.98334285714273,38.07642857142855
-186.75117142857133,38.01185999999997
-186.51514285714273,37.95305428571426
-186.27559999999988,37.90096571428569
-186.03251428571417,37.85325714285712
-185.80028571428556,37.81958857142855
-185.59008571428558,37.79634571428569
-185.37791428571416,37.77549999999997
-185.14577142857132,37.75033714285712
-184.8806857142856,37.72586571428569
-184.63091428571414,37.70665714285711
-184.40691428571418,37.694379999999974
-184.21494285714274,37.69067999999997
-184.00102857142844,37.69056285714283
-183.7595714285713,37.69609999999997
-183.52199999999988,37.705885714285685
-183.29825714285704,37.720097142857114
-183.07537142857132,37.73838285714283
-182.84022857142844,37.76527714285712
-182.61768571428559,37.79559714285712
-182.40585714285703,37.82675428571426
-182.2013714285713,37.849382857142835
-182.00037142857133,37.87073999999998
-181.79931428571416,37.89364857142855
-181.59614285714275,37.92232285714283
-181.39045714285703,37.94814571428569
-181.18397142857128,37.9729514285714
-180.97734285714273,37.99776285714283
-180.7690857142856,38.023754285714254
-180.56091428571415,38.051354285714254
-180.35182857142843,38.07978857142854
-180.14199999999988,38.10764571428568
-179.9979714285713,38.126999999999974
-179.5357714285713,38.17745714285712
-178.95631428571417,38.2404314285714
-178.46902857142845,38.29641999999997
-178.2940857142856,38.32399999999997
-178.05825714285703,38.35805714285711
-177.8225714285713,38.39274571428569
-177.58445714285705,38.42887428571426
-177.35414285714273,38.4579314285714
-177.12685714285703,38.483977142857114
-176.89345714285702,38.512319999999974
-176.66451428571418,38.544708571428544
-176.45574285714275,38.57297142857141
-176.25999999999988,38.599571428571394
-176.06194285714272,38.627605714285686
-175.86242857142844,38.65271428571426
-175.6449714285713,38.679251428571405
-175.42622857142845,38.70844857142855
-175.2074857142856,38.73341142857141
-174.9987428571427,38.7546314285714
-174.7867714285713,38.779422857142826
-174.58494285714275,38.81039428571426
-174.38214285714275,38.83996571428568
-174.18059999999988,38.86939428571426
-173.97891428571415,38.898851428571405
-173.77657142857132,38.92833714285712
-173.57225714285704,38.95788571428569
-173.36674285714275,38.98741428571426
-173.16234285714273,39.01653714285712
-172.96351428571418,39.048694285714255
-172.74971428571416,39.06372571428569
-172.53002857142846,39.07230285714283
-172.31448571428558,39.08535428571426
-172.11534285714274,39.11420571428569
-171.91291428571418,39.13979428571425
-171.70965714285705,39.16548285714283
-171.50628571428558,39.194005714285694
-171.2980857142856,39.20932857142854
-171.08899999999988,39.220774285714256
-170.88071428571416,39.2373914285714
-170.67599999999987,39.26783428571426
-170.47008571428557,39.29559714285712
-170.266257142857,39.32335999999997
-170.06491428571417,39.35131714285712
-169.86491428571418,39.37871428571426
-169.66508571428562,39.41123999999997
-169.46534285714273,39.4453914285714
-169.26314285714273,39.47807999999997
-169.0571714285713,39.50620857142854
-168.84951428571415,39.53537142857141
-168.642657142857,39.564437142857116
-168.43625714285704,39.593397142857114
-168.2289999999999,39.62842571428568
-168.0193142857142,39.63352571428568
-167.80768571428558,39.628991428571396
-167.59565714285702,39.634817142857116
-167.38525714285703,39.67093428571425
-167.17582857142844,39.70105714285712
-166.96842857142846,39.730774285714254
-166.76139999999987,39.759951428571405
-166.55434285714276,39.78854857142855
-166.34682857142843,39.816534285714255
-166.14025714285702,39.843688571428544
-165.93365714285702,39.87046285714283
-165.72708571428558,39.89697999999998
-165.52142857142843,39.92351999999997
-165.3164857142856,39.949731428571404
-165.11134285714274,39.9754314285714
-164.90457142857133,40.00057714285711
-164.69725714285704,40.026825714285685
-164.49017142857133,40.04718571428568
-164.283657142857,40.064717142857106
-164.0801714285713,40.084068571428546
-163.862257142857,40.10486571428569
-163.63982857142844,40.12338285714283
-163.42057142857132,40.14370571428569
-163.2140857142856,40.1683314285714
-163.0056857142856,40.1942114285714
-162.79939999999988,40.22044571428568
-162.59434285714275,40.24571714285711
-162.38925714285702,40.26977999999997
-162.1818857142856,40.290479999999974
-161.97194285714272,40.3100114285714
-161.7604857142856,40.33078857142854
-161.55025714285705,40.35603999999997
-161.34142857142845,40.37600285714283
-161.13314285714273,40.39417999999998
-160.92477142857132,40.41394571428569
-160.7153142857142,40.43587428571426
-160.50659999999988,40.45634285714283
-160.29774285714274,40.47767999999997
-160.0890857142856,40.50125714285711
-159.87882857142844,40.524894285714254
-159.66691428571414,40.54916571428568
-159.45451428571417,40.57396571428569
-159.24054285714274,40.59996571428569
-159.0297428571427,40.622382857142824
-158.8196857142856,40.64366571428569
-158.60928571428562,40.667497142857115
-158.3911142857142,40.68875714285711
-158.17222857142843,40.707385714285685
-157.95279999999988,40.72879714285712
-157.73357142857134,40.757848571428546
-157.5148857142856,40.7830114285714
-157.29694285714274,40.80728857142854
-157.07911428571418,40.83242571428568
-156.8587999999999,40.86106571428569
-156.64448571428562,40.8846114285714
-156.43302857142845,40.90642857142854
-156.22134285714276,40.9296114285714
-156.00585714285705,40.95746285714283
-155.78577142857137,40.9839114285714
-155.56297142857133,41.01002857142854
-155.34014285714275,41.03720285714282
-155.12345714285703,41.061257142857116
-154.90611428571418,41.084068571428546
-154.68702857142847,41.108217142857114
-154.46465714285705,41.136334285714256
-154.24122857142845,41.16445714285712
-154.02057142857132,41.18840285714283
-153.80025714285705,41.21111428571426
-153.57811428571418,41.23553428571426
-153.35225714285704,41.265768571428545
-153.1257999999999,41.288782857142834
-152.89954285714276,41.3100514285714
-152.67414285714275,41.334239999999966
-152.44991428571416,41.36666285714283
-152.22559999999987,41.39252571428568
-152.0030857142856,41.416271428571406
-151.7789714285713,41.44170571428568
-151.5515999999999,41.47282571428568
-151.3230857142856,41.50313999999997
-151.09574285714277,41.5333914285714
-150.8707999999999,41.56580285714283
-150.63954285714274,41.58761999999997
-150.40611428571418,41.60596285714283
-150.17471428571415,41.62783999999998
-149.95108571428563,41.66036571428569
-149.72699999999986,41.69082857142854
-149.5029999999999,41.7211714285714
-149.27791428571416,41.75111714285711
-149.0516857142856,41.78205999999997
-148.81917142857134,41.80521714285712
-148.58659999999992,41.82509714285712
-148.35728571428564,41.84630857142855
-148.13342857142845,41.87405999999997
-147.90774285714275,41.89959714285711
-147.6821714285713,41.92469428571425
-147.45557142857132,41.952754285714256
-147.22959999999992,41.96476285714283
-147.00474285714276,41.972277142857116
-146.78082857142846,41.986171428571396
-146.55879999999988,42.0172514285714
-146.33071428571418,42.04146857142854
-146.0996857142856,42.065059999999974
-145.87005714285706,42.09034571428568
-145.6461999999999,42.11940571428569
-145.43114285714273,42.146422857142824
-145.21994285714274,42.17299428571426
-145.00645714285702,42.19998571428569
-144.78585714285703,42.22939428571426
-144.56537142857132,42.25178857142854
-144.34454285714276,42.27206285714283
-144.12322857142846,42.294845714285685
-143.90205714285702,42.326051428571404
-143.68525714285704,42.34815428571426
-143.47074285714274,42.367511428571405
-143.25511428571417,42.389282857142824
-143.03551428571419,42.41989999999997
-142.81545714285707,42.44282285714283
-142.59562857142845,42.463785714285684
-142.3774857142856,42.48708285714282
-142.1618285714285,42.516908571428544
-141.9451714285713,42.545899999999975
-141.7279999999999,42.5751914285714
-141.5099142857142,42.604708571428546
-141.28974285714276,42.63437428571426
-141.06817142857133,42.66425999999997
-140.84708571428564,42.69423999999997
-140.62877142857133,42.727825714285686
-140.4091142857142,42.74323999999997
-140.1887999999999,42.75275999999997
-139.96788571428561,42.76862571428569
-139.75105714285704,42.80398857142853
-139.52771428571418,42.830257142857114
-139.30294285714277,42.85452571428568
-139.0797142857142,42.8805114285714
-138.86428571428561,42.912037142857116
-138.64122857142848,42.94139428571425
-138.41594285714277,42.97028857142854
-138.1910285714285,42.9995714285714
-137.97177142857134,43.030025714285685
-137.75165714285706,43.06057428571425
-137.53325714285705,43.09110857142854
-137.31474285714276,43.12128857142854
-137.09599999999992,43.15154857142855
-136.87725714285705,43.18163428571425
-136.6589999999999,43.211502857142825
-136.43974285714273,43.24121999999997
-136.21782857142847,43.27079999999997
-135.99417142857132,43.300374285714256
-135.77125714285705,43.330214285714256
-135.55008571428564,43.36352857142854
-135.3277999999999,43.383062857142825
-135.1067142857142,43.39711428571426
-134.88822857142847,43.414585714285685
-134.67345714285705,43.445225714285684
-134.44945714285706,43.473208571428536
-134.22245714285702,43.50097428571425
-134.0013714285713,43.52911428571426
-133.7761999999999,43.5526314285714
-133.54545714285706,43.57437714285711
-133.3185142857142,43.59714285714283
-133.1067142857142,43.6243314285714
-132.88662857142847,43.64824285714283
-132.66402857142847,43.671365714285685
-132.44254285714277,43.695137142857114
-132.2285142857142,43.720814285714255
-132.01374285714277,43.746225714285686
-131.79739999999993,43.766659999999966
-131.57968571428563,43.78520571428568
-131.3629142857142,43.80484285714283
-131.14954285714276,43.82943714285711
-130.9281999999999,43.84961714285711
-130.70362857142848,43.868222857142825
-130.48162857142847,43.887314285714254
-130.26902857142846,43.90913714285711
-130.04965714285703,43.930951428571404
-129.82834285714276,43.9523114285714
-129.60948571428565,43.97337428571426
-129.39328571428564,43.9885914285714
-129.17462857142849,44.003185714285685
-128.95657142857135,44.020199999999974
-128.74185714285707,44.04305714285711
-128.52065714285703,44.06253714285711
-128.29868571428563,44.08086857142854
-128.08165714285704,44.101097142857114
-127.86742857142848,44.117439999999974
-127.65048571428564,44.131519999999966
-127.43397142857134,44.14834571428568
-127.22314285714278,44.17229428571426
-127.00199999999992,44.19484571428568
-126.77917142857133,44.21705999999997
-126.56094285714276,44.23887428571425
-126.35299999999991,44.260751428571396
-126.14165714285704,44.282622857142826
-125.92925714285705,44.304711428571395
-125.71717142857133,44.326922857142826
-125.50788571428564,44.35104285714283
-125.28748571428562,44.3659314285714
-125.06351428571419,44.37775999999997
-124.84502857142849,44.3925914285714
-124.64188571428562,44.41670571428568
-124.43208571428562,44.43748857142854
-124.20882857142848,44.45925428571426
-123.97308571428565,44.48400857142855
-123.74402857142849,44.508551428571394
-123.5141142857142,44.53236857142854
-123.29479999999992,44.55709714285711
-123.07177142857134,44.57824857142854
-122.8577142857142,44.59584571428569
-122.64485714285706,44.61518857142854
-122.44548571428564,44.63946571428568
-122.2444285714285,44.659974285714256
-122.04382857142848,44.67928285714282
-121.84717142857134,44.69860285714282
-121.63491428571419,44.7213114285714
-121.41548571428562,44.744785714285676
-121.19994285714277,44.76741142857139
-120.9995142857142,44.789182857142826
-120.78831428571421,44.80080285714283
-120.57268571428564,44.809371428571396
-120.36031428571421,44.82033428571425
-120.1564285714285,44.84127999999997
-119.94759999999992,44.851634285714255
-119.73614285714277,44.85907714285711
-119.52974285714278,44.86914571428568
-119.31357142857134,44.8861114285714
-119.09325714285706,44.90027999999997
-118.88217142857135,44.91418857142854
-118.67208571428563,44.93220571428568
-118.45337142857133,44.941891428571395
-118.22688571428563,44.94944285714283
-118.00114285714278,44.96447428571425
-117.76608571428562,44.96547714285711
-117.53877142857135,44.95537999999997
-117.31657142857135,44.953334285714256
-117.09582857142848,44.96268285714282
-116.8729142857142,44.96192285714283
-116.64748571428564,44.96269714285711
-116.42397142857133,44.972357142857106
-116.19831428571422,44.97745999999997
-115.97585714285707,44.98078857142853
-115.75874285714278,44.98585714285711
-115.54139999999992,44.980354285714256
-115.31791428571421,44.97003714285711
-115.0965142857142,44.96349714285711
-114.87748571428564,44.960428571428544
-114.66085714285705,44.95135428571425
-114.45259999999992,44.94462857142854
-114.24505714285706,44.932825714285684
-114.02614285714279,44.91519999999997
-113.79848571428563,44.890605714285684
-113.57108571428563,44.86921428571425
-113.34317142857134,44.845705714285685
-113.11674285714278,44.81809714285711
-112.89385714285706,44.78377999999997
-112.67219999999993,44.74983714285712
-112.45462857142851,44.71229714285711
-112.24502857142849,44.669774285714254
-112.03934285714278,44.61842857142854
-111.83119999999991,44.56808285714283
-111.62157142857136,44.51548571428569
-111.42134285714279,44.47022285714283
-111.21794285714277,44.41587714285711
-111.0053142857142,44.35132571428568
-110.78008571428565,44.29146857142854
-110.56648571428563,44.237314285714255
-110.36599999999993,44.179897142857115
-110.17559999999992,44.104454285714255
-109.9812285714285,44.024919999999966
-109.78608571428565,43.945162857142826
-109.59311428571421,43.86031142857139
-109.40279999999993,43.76909428571426
-109.2135142857142,43.680614285714256
-109.02562857142848,43.584397142857114
-108.8321428571428,43.47747714285711
-108.6318285714285,43.370571428571395
-108.42654285714278,43.272234285714255
-108.22602857142849,43.17308285714283
-108.0288285714285,43.06672571428569
-107.83699999999993,42.96008285714283
-107.6484285714285,42.86173714285711
-107.4602285714285,42.77235714285711
-107.27068571428563,42.678614285714254
-107.07654285714277,42.57222857142854
-106.88179999999994,42.46384571428568
-106.68474285714278,42.357031428571396
-106.49985714285707,42.25113428571426
-106.31491428571422,42.14356285714283
-106.14037142857134,42.03040571428568
-105.95528571428564,41.91634285714282
-105.77251428571421,41.8065714285714
-105.58942857142851,41.70540571428569
-105.41499999999994,41.60448285714283
-105.2320285714285,41.50044571428568
-105.04048571428564,41.39438571428569
-104.85028571428565,41.286965714285685
-104.66019999999992,41.179968571428546
-104.47525714285707,41.07760285714283
-104.28865714285706,40.97382571428569
-104.09759999999991,40.86903999999997
-103.90237142857136,40.74787999999997
-103.70997142857135,40.62400571428569
-103.51791428571423,40.50453714285711
-103.32431428571421,40.39764857142855
-103.13942857142851,40.28832571428568
-102.95982857142849,40.18028571428568
-102.77928571428563,40.072725714285696
-102.5875142857142,39.96206285714283
-102.39591428571423,39.849514285714264
-102.21059999999991,39.739505714285684
-102.02519999999993,39.630399999999966
-101.84245714285707,39.52295999999997
-101.6550285714285,39.41011714285712
-101.47031428571421,39.30403999999997
-101.28371428571421,39.199439999999974
-101.10431428571421,39.09667999999997
-100.92354285714278,38.9850314285714
-100.73799999999993,38.87583999999997
-100.55217142857134,38.76852857142855
-100.36691999999994,38.658379999999966
-100.18251142857136,38.561117142857114
-99.99180571428565,38.46879142857141
-99.79709999999992,38.37308857142854
-99.5995685714285,38.26577999999998
-99.40509142857135,38.16074571428568
-99.21105999999993,38.05763428571426
-99.01381714285708,37.956939999999975
-98.81323142857137,37.868854285714264
-98.61378571428565,37.785088571428545
-98.41266571428565,37.70294571428569
-98.20687428571422,37.61089428571425
-97.9978485714285,37.52208857142854
-97.78614285714278,37.4386914285714
-97.56586571428565,37.37297714285712
-97.34265142857136,37.315194285714256
-97.1246485714285,37.2630914285714
-96.90782857142851,37.21248571428569
-96.68663714285707,37.16973142857141
-96.46185999999993,37.13256285714283
-96.23707999999993,37.09962571428568
-96.00715714285707,37.0770714285714
-95.77906571428564,37.06215428571426
-95.55810285714279,37.05157714285712
-95.33531142857136,37.04203714285712
-95.11407142857138,37.03814285714283
-94.89595999999993,37.038651428571406
-94.68749428571422,37.03996285714283
-94.47422857142851,37.04413714285712
-94.25707142857138,37.05365714285711
-94.02893428571421,37.06339999999997
-93.80033999999995,37.07333999999997
-93.5760428571428,37.08759714285712
-93.3623228571428,37.11046285714283
-93.14447428571422,37.13038857142854
-92.92574285714281,37.149674285714255
-92.70862285714279,37.170679999999976
-92.50140857142851,37.19241999999997
-92.29593714285707,37.212351428571395
-92.0918485714285,37.23401428571426
-91.87825714285708,37.255937142857114
-91.66019714285707,37.27736285714283
-91.43862285714279,37.30089999999997
-91.21692285714278,37.32953714285711
-90.99351428571421,37.352468571428545
-90.77140857142851,37.37348857142854
-90.5488428571428,37.39751714285711
-90.32561142857136,37.420071428571404
-90.1042828571428,37.43895999999998
-89.88414857142851,37.46089142857141
-89.65720285714279,37.48280285714283
-89.42689142857137,37.500754285714265
-89.1965428571428,37.520177142857115
-88.97927142857137,37.544599999999974
-88.76411428571423,37.56650571428568
-88.5468028571428,37.588759999999965
-88.31886571428566,37.604122857142826
-88.09102857142851,37.61707142857141
-87.86329999999995,37.63328571428569
-87.6433971428571,37.64982571428568
-87.42466571428564,37.66257428571426
-87.20267142857136,37.67797428571426
-86.97129428571422,37.695114285714254
-86.73629428571424,37.70945999999998
-86.49969999999993,37.724759999999975
-86.26251999999994,37.74482857142854
-86.02953428571423,37.75873142857141
-85.79381428571423,37.771142857142834
-85.57138571428565,37.78547428571426
-85.34874285714281,37.79741428571426
-85.13949999999994,37.804968571428546
-84.91941428571423,37.8157714285714
-84.69350857142851,37.83484285714283
-84.45781999999994,37.851462857142835
-84.22737428571422,37.86738571428569
-83.9938885714285,37.885817142857114
-83.7629228571428,37.90207428571426
-83.5364028571428,37.91669428571426
-83.31199142857136,37.93431714285711
-83.08309142857138,37.95256285714283
-82.85886857142852,37.96796285714282
-82.6333828571428,37.98589999999997
-82.41497714285708,38.00595714285711
-82.19693714285708,38.02433428571426
-81.97658571428565,38.043774285714264
-81.75174857142852,38.06657714285711
-81.52641428571424,38.08669999999997
-81.29983999999993,38.1063514285714
-81.07337999999994,38.12830857142855
-80.85272571428567,38.145822857142825
-80.63419142857137,38.16063428571426
-80.41308571428567,38.17872857142855
-80.19779428571422,38.19797428571426
-79.98587428571423,38.21409999999998
-79.77367999999994,38.23253428571426
-79.55169142857137,38.253822857142836
-79.33276571428564,38.27307714285712
-79.11693428571424,38.293034285714256
-78.90387142857139,38.31552571428569
-78.6884428571428,38.33759999999997
-78.46922857142852,38.36224571428569
-78.25529428571423,38.376148571428544
-78.04034571428565,38.38650857142855
-77.81858285714281,38.40067428571426
-77.58723999999994,38.42626857142855
-77.36329428571423,38.44703714285711
-77.14119999999994,38.46656285714283
-76.9140828571428,38.48666285714283
-76.67781428571422,38.51076571428568
-76.44433142857137,38.525602857142836
-76.21145999999995,38.53756571428569
-75.97872571428567,38.55390285714284
-75.74406285714282,38.57023714285712
-75.51258571428566,38.581362857142835
-75.2788628571428,38.595462857142834
-75.04782571428566,38.614891428571404
-74.8295571428571,38.63028285714283
-74.62927142857137,38.64429999999997
-74.41612857142852,38.66345428571426
-74.19609999999994,38.68325999999996
-73.98195999999994,38.70180285714283
-73.78645999999996,38.71737999999998
-73.57725999999994,38.73316857142855
-73.36253142857137,38.74916571428569
-73.14793714285709,38.76593714285711
-72.9407571428571,38.78536857142855
-72.73059142857137,38.796331428571406
-72.52051428571424,38.80437714285711
-72.3106971428571,38.815079999999966
-72.10058857142852,38.8349714285714
-71.89101999999994,38.8479714285714
-71.68071428571423,38.858868571428545
-71.46927999999997,38.87099714285712
-71.25656857142853,38.88786571428568
-71.04578571428567,38.904599999999974
-70.83158857142853,38.91524285714283
-70.61666571428566,38.92399999999997
-70.40510857142851,38.93637714285712
-70.19313428571424,38.94668571428569
-69.97987428571423,38.9526114285714
-69.76935142857138,38.96070857142854
-69.56660571428566,38.97713999999997
-69.3500971428571,38.989579999999975
-69.12793999999995,39.0013114285714
-68.9082571428571,39.014219999999966
-68.70219428571424,39.0307114285714
-68.49818571428568,39.04251428571426
-68.28631714285709,39.05345714285712
-68.05949999999996,39.068134285714265
-67.83413714285709,39.079434285714264
-67.61319428571426,39.08738285714283
-67.38663428571424,39.09840571428569
-67.14498285714281,39.11841428571426
-66.91699428571425,39.13518285714283
-66.71004571428568,39.1503114285714
-66.50387714285708,39.16665714285711
-66.27297999999993,39.18322571428568
-66.04131999999996,39.19841714285712
-65.83004857142853,39.21279142857141
-65.63394571428567,39.2321314285714
-65.41947714285709,39.2367714285714
-65.20038571428566,39.23711428571426
-64.98642571428567,39.24289999999997
-64.78667999999996,39.26485999999997
-64.58415142857137,39.2774114285714
-64.38158571428566,39.28762857142854
-64.17803999999995,39.2998914285714
-63.97207142857138,39.319805714285685
-63.767188571428534,39.3334514285714
-63.56058571428567,39.34542285714283
-63.350354285714246,39.359119999999976
-63.137514285714246,39.37815142857141
-62.916874285714236,39.395805714285686
-62.69227428571425,39.41302571428569
-62.47178285714281,39.431022857142835
-62.24887999999996,39.44351714285712
-62.02315142857139,39.45405714285712
-61.803111428571384,39.46617714285711
-61.59459428571424,39.48372571428569
-61.38215999999996,39.50093714285711
-61.17117999999996,39.51669142857139
-60.96202857142853,39.53216571428569
-60.75373999999996,39.54917999999997
-60.54475142857139,39.56580285714283
-60.33576571428567,39.581757142857114
-60.12646285714281,39.5991914285714
-59.91924285714282,39.62087428571426
-59.701419999999956,39.63600857142855
-59.47949428571424,39.64933428571426
-59.26119428571425,39.6648914285714
-59.05700285714281,39.6878114285714
-58.84244285714282,39.70267999999997
-58.62425142857139,39.71524571428568
-58.40988571428567,39.73109999999997
-58.1952771428571,39.74833714285712
-57.976357142857104,39.76233714285711
-57.7579571428571,39.77810571428569
-57.54531714285711,39.7997314285714
-57.32882571428568,39.817437142857116
-57.11235714285711,39.83383714285712
-56.895385714285666,39.8507514285714
-56.67988571428567,39.870759999999976
-56.45606571428568,39.88674571428568
-56.23001999999996,39.90141999999997
-56.00717142857139,39.91709999999998
-55.79300857142853,39.938002857142834
-55.57636571428567,39.94873999999997
-55.35948571428567,39.95625999999997
-55.14228571428568,39.966988571428544
-54.92547428571425,39.987274285714264
-54.710459999999955,40.005068571428545
-54.49118285714282,40.0257914285714
-54.26992571428568,40.04695428571426
-54.051017142857106,40.06769428571426
-53.826894285714246,40.079342857142834
-53.597802857142824,40.089839999999974
-53.37236857142853,40.10243428571426
-53.15715428571425,40.121982857142825
-52.941308571428536,40.13609428571425
-52.7254771428571,40.1485714285714
-52.510968571428535,40.16211714285711
-52.29770571428568,40.18180857142854
-52.07941428571424,40.19017714285711
-51.85834857142853,40.19505714285712
-51.63954285714283,40.20305714285711
-51.42479999999996,40.22284571428568
-51.209394285714254,40.23042285714283
-50.991674285714254,40.234451428571404
-50.77181999999996,40.24151428571426
-50.549697142857106,40.259605714285684
-50.32487142857139,40.268859999999975
-50.098388571428536,40.275397142857116
-49.872968571428544,40.2835114285714
-49.65035428571426,40.299548571428545
-49.42253428571425,40.30492857142855
-49.19339999999997,40.307231428571406
-48.966157142857114,40.312417142857115
-48.74408857142854,40.3270914285714
-48.522322857142825,40.335099999999976
-48.30082285714282,40.34116571428569
-48.07841142857139,40.34842571428568
-47.85616857142854,40.36139428571426
-47.63830571428568,40.36714285714283
-47.4223314285714,40.3708314285714
-47.20579428571426,40.37683999999997
-46.98627714285711,40.390748571428546
-46.765579999999964,40.398088571428545
-46.54474285714282,40.40382857142854
-46.328085714285685,40.4128114285714
-46.10413142857139,40.42104571428568
-45.87833428571425,40.42550285714283
-45.65574571428567,40.43136571428568
-45.44391428571426,40.4427114285714
-45.22004285714283,40.45343428571426
-44.99353999999997,40.46388857142854
-44.76875428571425,40.47346571428568
-44.549051428571396,40.482974285714256
-44.33318285714283,40.48703714285712
-44.11894571428569,40.48910285714283
-43.90040857142854,40.493111428571396
-43.67275428571426,40.50411999999997
-43.44784571428569,40.50911428571426
-43.22310285714283,40.512459999999976
-42.9969314285714,40.51908857142854
-42.771382857142825,40.5234314285714
-42.54644285714283,40.52469428571426
-42.317905714285686,40.52919142857141
-42.084377142857115,40.54319999999997
-41.84868285714283,40.550234285714254
-41.61407428571425,40.55535428571426
-41.38070857142854,40.56380285714283
-41.15637999999997,40.572751428571394
-40.93395999999997,40.579114285714255
-40.70961999999997,40.587759999999975
-40.482411428571396,40.604239999999976
-40.2555714285714,40.61055714285711
-40.03316857142855,40.61421999999997
-39.817682857142835,40.62388857142854
-39.608777142857114,40.631394285714265
-39.394214285714256,40.63390857142855
-39.17334857142854,40.64118285714282
-38.94638285714283,40.66206285714283
-38.724191428571395,40.67365428571426
-38.5038714285714,40.68236857142854
-38.2793914285714,40.694605714285686
-38.04411999999997,40.70233428571425
-37.80649999999997,40.704357142857106
-37.56726857142854,40.70860857142854
-37.32776857142855,40.72309428571426
-37.09161428571426,40.72728285714283
-36.858219999999974,40.7274914285714
-36.62393142857141,40.72810571428568
-36.38372285714283,40.7354514285714
-36.15207999999998,40.730737142857116
-35.924099999999974,40.72158857142854
-35.6927514285714,40.71545714285712
-35.45687714285712,40.71104571428568
-35.22492857142855,40.7015114285714
-34.99136857142855,40.6933914285714
-34.75010285714283,40.69317428571426
-34.50855142857141,40.68327999999997
-34.26659428571426,40.67076285714283
-34.025357142857125,40.661099999999976
-33.78460285714283,40.65971428571425
-33.544737142857116,40.65658285714283
-33.30495999999998,40.65320857142854
-33.06528285714283,40.64932857142855
-32.82706857142855,40.64466857142854
-32.5872857142857,40.63909999999997
-32.34553999999998,40.63281714285712
-32.103228571428545,40.626154285714264
-31.859591428571406,40.623957142857115
-31.628302857142835,40.599308571428544
-31.401654285714265,40.566831428571405
-31.16878571428569,40.542322857142835
-30.934108571428553,40.532851428571405
-30.70405428571426,40.51641428571426
-30.471631428571406,40.50178285714283
-30.226614285714266,40.494071428571395
-29.99517142857141,40.480665714285685
-29.768122857142835,40.465425714285686
-29.537025714285694,40.4512114285714
-29.29044285714284,40.44209428571426
-29.05068857142855,40.425305714285685
-28.80800285714284,40.406165714285684
-28.577288571428554,40.39018857142854
-28.36251142857141,40.38179428571426
-28.156362857142838,40.37485714285711
-27.942739999999983,40.368131428571395
-27.731462857142837,40.360388571428544
-27.525045714285696,40.350431428571405
-27.31221142857141,40.34088571428569
-27.09261142857141,40.3311914285714
-26.87153142857141,40.32098857142854
-26.651345714285696,40.310068571428545
-26.433874285714268,40.2986914285714
-26.21629428571427,40.287208571428536
-26.0024457142857,40.276731428571395
-25.78652285714284,40.26060857142854
-25.568634285714268,40.24207142857141
-25.35124285714284,40.22480571428569
-25.14050285714284,40.212782857142834
-24.933794285714267,40.20107142857141
-24.721168571428553,40.18228285714283
-24.511294285714268,40.161657142857116
-24.291534285714274,40.14315714285712
-24.066071428571412,40.131391428571405
-23.836097142857128,40.119399999999985
-23.60851428571427,40.101948571428544
-23.38095142857141,40.08213999999998
-23.1611457142857,40.06397714285711
-22.95414285714284,40.0531314285714
-22.744182857142842,40.03375428571425
-22.531968571428557,40.01170571428569
-22.321759999999983,39.991525714285686
-22.1161457142857,39.97983999999997
-21.908777142857126,39.953057142857105
-21.70100285714284,39.9209114285714
-21.49780285714284,39.8919914285714
-21.28609428571427,39.87602857142854
-21.06226285714284,39.837042857142826
-20.824959999999987,39.7877314285714
-20.601919999999986,39.7440114285714
-20.389971428571414,39.7103714285714
-20.189868571428555,39.66911428571426
-19.985811428571413,39.62387999999997
-19.78801428571427,39.582248571428536
-19.589317142857126,39.51828285714282
-19.38053428571427,39.436877142857114
-19.158262857142844,39.346774285714254
-18.9440257142857,39.253811428571396
-18.735819999999986,39.150214285714256
-18.527777142857126,39.04436285714283
-18.314285714285703,38.940799999999975
-18.105768571428563,38.83463714285712
-17.90102285714285,38.7260914285714
-17.700611428571413,38.613091428571394
-17.50541714285713,38.491685714285694
-17.31100857142856,38.35825142857141
-17.130345714285703,38.2219314285714
-16.969342857142845,38.084805714285686
-16.823988571428558,37.94609142857141
-16.68030857142856,37.79711714285712
-16.541425714285705,37.64282857142855
-16.409494285714274,37.48119428571426
-16.283314285714276,37.31041999999998
-16.162139999999987,37.128634285714256
-16.04710857142856,36.93577428571426
-15.93973142857142,36.73330571428569
-15.842217142857132,36.525191428571404
-15.755851428571418,36.31486571428569
-15.679908571428559,36.10196571428569
-15.61361999999999,35.88730857142855
-15.55611142857142,35.67208285714283
-15.50616857142856,35.4557314285714
-15.460954285714275,35.2375314285714
-15.42057714285713,35.017048571428546
-15.385562857142846,34.79247142857141
-15.356819999999988,34.56449714285712
-15.320794285714275,34.426431428571405
-15.353088571428561,33.839351428571405
-15.413685714285704,33.09486571428569
-15.45918857142856,32.491234285714256
-15.445294285714276,32.33186285714283
-15.44540857142856,32.07893142857141
-15.447174285714274,31.841585714285692
-15.449765714285704,31.627014285714267
-15.453371428571417,31.42910571428569
-15.458397142857134,31.232045714285693
-15.465479999999989,31.014631428571406
-15.474142857142848,30.790742857142835
-15.483948571428563,30.574031428571406
-15.49460857142856,30.376868571428552
-15.507074285714275,30.173222857142836
-15.520679999999988,29.967502857142833
-15.535942857142846,29.76211714285712
-15.552474285714275,29.55783142857141
-15.569802857142847,29.354934285714265
-15.587374285714276,29.152542857142837
-15.599045714285705,28.95047142857141
-15.646219999999989,28.74433999999998
-15.702477142857132,28.53631142857141
-15.743457142857132,28.32899142857141
-15.747588571428563,28.124474285714264
-15.75822857142856,27.919037142857125
-15.768311428571417,27.712874285714268
-15.778431428571416,27.504742857142837
-15.789139999999989,27.294325714285694
-15.799731428571416,27.08139142857141
-15.809025714285704,26.86619428571427
-15.817505714285705,26.648825714285696
-15.825754285714275,26.430265714285696
-15.83166857142856,26.21031999999998
-15.85180857142856,25.992477142857126
-15.877002857142847,25.77521428571427
-15.897494285714274,25.556857142857123
-15.903342857142846,25.33563999999998
-15.910414285714275,25.114834285714267
-15.923462857142846,24.89426285714284
-15.938345714285704,24.67349428571427
-15.951085714285703,24.451637142857127
-15.955254285714274,24.22983999999998
-15.9717057142857,24.006085714285696
-15.990931428571418,23.78258857142855
-16.005365714285702,23.560339999999982
-16.007271428571418,23.341811428571415
-16.015311428571415,23.119868571428558
-16.024839999999987,22.898165714285696
-16.03327714285713,22.677965714285698
-16.037982857142843,22.459459999999986
-16.041342857142844,22.23845714285713
-16.055474285714276,22.012802857142844
-16.07349999999999,21.78553142857141
-16.0885257142857,21.55855714285713
-16.093691428571418,21.333494285714274
-16.10189142857142,21.106462857142844
-16.10920857142856,20.878562857142843
-16.11670857142856,20.65092285714284
-16.1254257142857,20.423571428571414
-16.132282857142847,20.19831714285713
-16.158591428571413,19.964042857142843
-16.191365714285702,19.726951428571414
-16.21761714285713,19.492394285714273
-16.224525714285704,19.266022857142843
-16.235359999999986,19.038642857142847
-16.247485714285705,18.811662857142842
-16.26001428571427,18.584442857142843
-16.272105714285704,18.356499999999986
-16.282202857142845,18.127817142857133
-16.29678857142856,17.90454857142856
-16.31225714285713,17.682074285714272
-16.32565999999999,17.456142857142844
-16.333382857142844,17.222014285714273
-16.34851999999999,16.99020857142856
-16.365854285714274,16.75930857142856
-16.381177142857133,16.528468571428558
-16.38928857142856,16.29341999999999
-16.403482857142848,16.067734285714277
-16.419051428571418,15.844711428571419
-16.43245142857142,15.619331428571419
-16.440091428571417,15.385562857142848
-16.447877142857134,15.153922857142845
-16.45452857142856,14.920688571428562
-16.460137142857132,14.685754285714276
-16.46484857142856,14.45088857142856
-16.46907714285713,14.216894285714275
-16.472302857142846,13.982919999999991
-16.47489714285713,13.748062857142848
-16.47715714285713,13.513134285714276
-16.479179999999985,13.278254285714276
-16.48105714285713,13.043005714285705
-16.48267714285713,12.808654285714278
-16.483877142857132,12.575474285714277
-16.484282857142844,12.342717142857133
-16.484282857142844,12.109474285714278
-16.483882857142845,11.876754285714277
-16.4834257142857,11.64457142857142
-16.4833257142857,11.412725714285704
-16.48375714285713,11.180862857142849
-16.484894285714276,10.950137142857134
-16.4866057142857,10.720191428571422
-16.48886857142856,10.48986285714285
-16.49144857142856,10.258621142857134
-16.49434857142856,10.027398857142849
-16.497939999999986,9.796641714285707
-16.501951428571417,9.565693714285707
-16.505959999999988,9.334391999999994
-16.509751428571416,9.103803142857135
-16.51368857142856,8.874316571428565
-16.517902857142847,8.645238571428566
-16.522617142857133,8.416035714285707
-16.527865714285703,8.187747428571422
-16.53313999999999,7.960191714285709
-16.538519999999988,7.7327845714285655
-16.544014285714276,7.504486857142852
-16.549491428571415,7.2757091428571385
-16.554894285714273,7.047250857142853
-16.560111428571417,6.8202199999999955
-16.565345714285705,6.593884571428567
-16.570891428571418,6.367063999999996
-16.577065714285702,6.139201999999996
-16.583651428571414,5.9106659999999955
-16.59055714285713,5.681991999999996
-16.5977257142857,5.453398571428568
-16.604991428571417,5.225869142857139
-16.612257142857132,5.000680285714282
-16.619534285714273,4.777838857142854
-16.610131428571417,4.676923999999998
-16.68547428571427,3.9749788571428546
-16.78900857142856,3.072981714285712
-16.864168571428557,2.3725005714285694
-16.854651428571415,2.2748565714285696
-16.861842857142847,2.057301428571427
-16.868294285714274,1.8389774285714273
-16.8740057142857,1.6202731428571417
-16.879122857142846,1.4020990285714277
-16.88379142857142,1.1841721142857136
-16.887642857142847,0.9656842857142851
-16.89061428571427,0.7467451142857138
-16.89275999999999,0.5282088485714282
-16.89417428571428,0.3103236914285712
-16.8951257142857,0.09287121999999993
-16.895642857142846,-0.12432207999999992
-16.895411428571418,-0.34143500857142833
-16.894697142857133,-0.5577444571428567
-16.893839999999983,-0.773067571428571
-16.893074285714277,-0.9884425999999993
-16.89198857142856,-1.204944342857142
-16.89157714285713,-1.4224641428571418
-16.89164857142856,-1.639994857142856
-16.89182857142856,-1.8572337142857132
-16.891574285714274,-2.0746671428571415
-16.891525714285706,-2.2930279999999983
-16.891405714285703,-2.512487142857141
-16.891665714285704,-2.732143428571427
-16.89186857142856,-2.9513542857142836
-16.891434285714276,-3.168290571428569
-16.88987714285713,-3.382921714285712
-16.88727142857142,-3.59716914285714
-16.883614285714273,-3.80967914285714
-16.878371428571416,-4.018290571428568
-16.870814285714275,-4.224029999999997
-16.860874285714274,-4.4250659999999975
-16.8462257142857,-4.641054857142853
-16.826979999999992,-4.873081142857139
-16.80463999999999,-5.110136857142853
-16.77964857142856,-5.329236857142854
-16.752065714285703,-5.534890285714282
-16.71980857142856,-5.746406285714282
-16.683297142857135,-5.967291999999996
-16.641245714285706,-6.186427428571425
-16.59596857142856,-6.391458571428567
-16.545579999999987,-6.594802857142853
-16.489708571428558,-6.80088171428571
-16.428294285714276,-7.004189428571424
-16.361262857142844,-7.205615428571424
-16.288477142857133,-7.4060768571428515
-16.210037142857132,-7.605247428571423
-16.125442857142843,-7.800870857142852
-16.03401714285713,-7.9930731428571375
-15.935957142857132,-8.181024571428566
-15.833882857142846,-8.360479714285708
-15.722951428571417,-8.539633142857138
-15.605502857142847,-8.715172285714281
-15.478117142857133,-8.891801142857137
-15.350022857142847,-9.058828571428563
-15.216705714285705,-9.224101999999995
-15.07733142857142,-9.386850285714278
-14.928039999999989,-9.552792285714279
-14.773214285714275,-9.715284857142851
-14.620425714285702,-9.866528571428566
-14.466231428571419,-10.008505714285707
-14.309091428571419,-10.14390228571428
-14.140774285714276,-10.279511428571421
-13.965162857142847,-10.411945714285707
-13.781622857142848,-10.541337142857135
-13.593162857142847,-10.665808571428563
-13.40317999999999,-10.783399999999993
-13.216808571428562,-10.89217142857142
-13.032391428571419,-10.994205714285707
-12.84307142857142,-11.093148571428564
-12.641599999999993,-11.192882857142848
-12.441062857142848,-11.286517142857134
-9.814938571428566,-11.478099999999992
-5.377602571428567,-11.580874285714277
-2.175887714285711,-11.636159999999993
-2.7017602857142835,-11.629817142857135
-2.4792419999999984,-11.637434285714278
-2.256695142857142,-11.644877142857135
-2.0355974285714273,-11.651559999999993
-1.8138062857142847,-11.657454285714278
-1.5935694285714275,-11.662285714285707
-1.3736272285714277,-11.666074285714277
-1.1500095999999993,-11.669288571428563
-0.9214221714285709,-11.670888571428565
-0.6910684857142853,-11.671028571428565
-0.4605076105428569,-11.669545714285707
-0.23015230068571416,-11.66629142857142
-0.00023742597142857374,-11.659865714285708
0.22905638502857126,-11.650108571428564
0.45739587517142827,-11.636908571428563
0.6837144285714281,-11.62055142857142
0.906947828571428,-11.59889142857142
1.1275037714285705,-11.572197142857135
1.3460809428571419,-11.541094285714276
1.5638339999999986,-11.506594285714279
1.779631999999999,-11.465937142857136
1.99423257142857,-11.419737142857135
2.207659999999999,-11.368754285714278
2.4198388571428553,-11.313817142857136
2.6282245714285697,-11.254257142857135
2.831799714285712,-11.190594285714278
3.030631714285712,-11.123085714285706
3.226752571428569,-11.05134285714285
3.4228157142857123,-10.973711428571422
3.618566857142855,-10.888859999999992
3.8132637142857115,-10.796131428571421
4.005410571428569,-10.695591428571422
4.194661714285711,-10.587599999999993
4.378467714285711,-10.470851428571422
4.5563817142857115,-10.346505714285708
4.727896857142854,-10.215663714285707
4.891884857142854,-10.08089228571428
5.046985142857139,-9.939800857142849
5.19315171428571,-9.794405714285707
5.332780285714282,-9.64382885714285
5.46776914285714,-9.487286857142852
5.59881914285714,-9.321433428571424
5.7234782857142825,-9.149259142857137
5.840777428571425,-8.973649428571424
5.9505645714285675,-8.79726628571428
6.052011999999995,-8.624247999999994
6.154102857142853,-8.43652828571428
6.260824857142852,-8.227772571428567
6.367007428571425,-8.004777999999995
6.461951999999996,-7.786818571428566
6.547475142857138,-7.570144571428566
6.627347142857138,-7.354325714285709
6.701907999999995,-7.136301999999995
6.770243999999994,-6.914739999999993
6.832599999999998,-6.690007999999992
6.832599999999998,-6.890007999999992
6.832599999999998,-6.690007999999992
6.832599999999998,-6.490007999999992
6.832599999999998,-6.290007999999992
6.832599999999998,-6.090007999999992
6.832599999999998,-5.090007999999992
6.832599999999998,-4.690007999999992
