x,y,fb_velocity,fb_steering
-5.44798,9.18768,0.842023,-0.0252899
-5.66746,9.27766,0.852513,-0.0267036
-5.85614,9.35604,0.849716,-0.023562
-6.07508,9.44866,0.844121,-0.0238762
-6.29323,9.5425,0.852513,-0.0237191
-6.47925,9.62405,0.842023,-0.0219912
-6.69777,9.72034,0.865102,-0.0219912
-6.92036,9.81882,0.873494,-0.0221483
-7.11274,9.90486,0.881187,-0.023562
-7.33678,10.0055,0.867899,-0.0237191
-7.55991,10.1072,0.87839,-0.0237191
-7.75235,10.1958,0.886083,-0.0574913
-7.97708,10.3008,0.886083,-0.108699
-8.19878,10.4083,0.875592,-0.124093
-8.38764,10.5055,0.891677,-0.124093
-8.60546,10.627,0.891677,-0.124093
-8.82135,10.754,0.896573,-0.123622
-9.00329,10.8674,0.891677,-0.123465
-9.21421,11.0068,0.909861,-0.123465
-9.42368,11.1542,0.917554,-0.123151
-9.61206,11.2895,0.928044,-0.122837
-9.7887,11.4383,0.928044,-0.122679
-9.98748,11.6058,0.928044,-0.151268
-10.1644,11.7605,0.904965,-0.176401
-10.345,11.9335,0.88888,-0.178757
-10.5222,12.1174,0.904965,-0.178757
-10.6659,12.281,0.907063,-0.178757
-10.8276,12.4796,0.917554,-0.178757
-10.9811,12.6851,0.912658,-0.178757
-11.1052,12.8656,0.912658,-0.178757
-11.2409,13.0805,0.904965,-0.177972
-11.3662,13.2988,0.896573,-0.177815
-11.4675,13.4917,0.909861,-0.1775
-11.5771,13.7213,0.867899,-0.1775
-11.6734,13.9457,0.867899,-0.1775
-11.7662,14.1901,0.773486,-0.167761
-11.8337,14.3929,0.758101,-0.132418
-11.9019,14.6227,0.728728,-0.107443
-11.9548,14.8182,0.728728,-0.0917347
-12.0126,15.0467,0.752506,-0.0775975
-12.0615,15.2546,0.770689,-0.0775975
-12.117,15.5027,0.800062,-0.0775975
-12.1629,15.7226,0.773486,-0.072571
-12.2096,15.9658,0.760199,-0.0722568
-12.2468,16.1753,0.734323,-0.0595333
-12.2857,16.407,0.739218,-0.03927
-12.3186,16.611,0.73712,-0.0306306
-12.3568,16.8501,0.779081,-0.0300023
-12.3906,17.067,0.786774,-0.0326726
-12.4277,17.3155,0.752506,-0.0444536
-12.4575,17.5238,0.723832,-0.0541926
-12.4884,17.7533,0.718237,-0.113569
-12.5151,17.9787,0.705649,-0.122208
-12.5348,18.1799,0.742015,-0.120009
-12.5496,18.3894,0.760199,-0.102102
-12.5615,18.6272,0.728728,-0.0623608
-12.5686,18.8427,0.621726,-0.0598475
-12.574,19.0641,0.595151,-0.0596904
-12.5769,19.2905,0.532209,-0.0598475
-12.5774,19.4963,0.48745,-0.0582767
-12.5758,19.6974,0.41192,-0.0405266
-12.5723,19.9228,0.395835,-0.031416
-12.5681,20.1301,0.427306,-0.0309448
-12.5632,20.3319,0.272748,-0.0309448
-12.5574,20.5365,0.0888181,-0.0278032
-12.5507,20.7489,0.269951,-0.0270178
-12.5437,20.9521,0.31471,-0.027489
-12.536,21.1572,0.309115,-0.027489
-12.5274,21.3705,0.427306,-0.0271748
-12.5174,21.5853,0.464372,-0.0287456
-12.5064,21.8094,0.464372,-0.0289027
-12.4957,22.0092,0.451084,-0.0292169
-12.4837,22.2225,0.437796,-0.0230908
-12.4713,22.4347,0.455979,-0.0113098
-12.4596,22.6361,0.461574,-0.0119381
-12.4465,22.8594,0.469267,-0.0109956
-12.4334,23.0828,0.461574,-0.013666
-12.4217,23.2827,0.448286,-0.0425687
-12.4078,23.4986,0.451084,-0.0323585
-12.3923,23.7136,0.448286,-0.0147655
-12.3774,23.9165,0.469267,-0.00848232
-12.3611,24.1383,0.445489,-0.021677
-12.3448,24.3556,0.469267,-0.00926772
-12.3289,24.5596,0.461574,-0.00816816
-12.312,24.7806,0.461574,-0.00895356
-12.2939,25.0156,0.539902,-0.00109956
-12.2772,25.2387,0.569275,0.00581196
-12.2609,25.4685,0.590255,-0.0102102
-12.2443,25.713,0.647603,-0.0262324
-12.2293,25.9218,0.689564,-0.0172788
-12.2115,26.1465,0.72663,-0.00062832
-12.1953,26.3533,0.755303,0.0116239
-12.1793,26.5688,0.773486,0.0106814
-12.1614,26.8182,0.786774,0.0102102
-12.1464,27.0417,0.797265,0.00424116
-12.1298,27.2984,0.815448,0.00612612
-12.1157,27.5267,0.836428,0.00675444
-12.1036,27.7271,0.852513,0.0070686
-12.0901,27.9643,0.810552,0.0127235
-12.0783,28.1908,0.734323,0.0128806
-12.0682,28.4261,0.73712,0.0111527
-12.0603,28.6316,0.728728,0.0108385
-12.0524,28.86,0.710544,0.0106814
-12.046,29.0672,0.760199,0.0106814
-12.0389,29.3217,0.857409,0.0113098
-12.0334,29.561,0.857409,0.0102102
-12.0294,29.7756,0.89937,0.0245045
-12.0257,30.0401,1.01756,0.0292169
-12.0244,30.2416,1.01756,0.0370709
-12.0247,30.4543,1.09099,0.0419404
-12.0269,30.675,1.13575,0.049166
-12.0315,30.9022,1.15114,0.00439824
-12.0392,31.1357,1.15114,-0.0238762
-12.0473,31.367,1.15883,-0.0252899
-12.055,31.6028,1.1903,-0.025447
-12.0616,31.841,1.24555,-0.0249757
-12.0674,32.0885,1.24555,-0.0212058
-12.0693,32.3396,1.25604,-0.0127235
-12.0727,32.5894,1.22177,-0.0122522
-12.0762,32.8357,1.13295,-0.0127235
-12.0785,33.0654,1.13295,-0.0106814
-12.0805,33.2862,1.0882,-0.0015708
-12.0826,33.4987,0.996581,-0.00188496
-12.0856,33.768,0.88888,-0.00141372
-12.0886,33.9767,0.870697,-0.0023562
-12.0918,34.2175,0.818245,-0.00267036
-12.0949,34.4413,0.828735,-0.00251328
-12.0993,34.7073,0.860206,0.00879648
-12.1036,34.9514,0.881187,0.0219912
-12.1082,35.1664,0.904965,0.0245045
-12.1151,35.4232,0.925946,0.0245045
-12.1245,35.6833,0.923148,0.0240332
-12.1334,35.9026,0.907063,0.0287456
-12.1455,36.1567,0.909861,0.056863
-12.1606,36.4151,0.933639,0.092363
-12.1775,36.6372,0.925946,0.143728
-12.204,36.8946,0.923148,0.199649
-12.2415,37.1512,0.928044,0.204204
-12.3859,37.6453,1.03295,0.148284
-12.4506,37.8415,1.05183,0.136188
-12.5226,38.0387,1.05183,0.140901
-12.5898,38.2789,1.02246,0.15441
-12.6704,38.4664,0.990986,0.170746
-12.7557,38.6666,0.990986,0.171688
-12.8646,38.8785,0.993783,0.169489
-12.964,39.0576,1.01756,0.16085
-13.0694,39.2306,0.999378,0.157865
-13.2239,39.4635,0.990986,0.14577
-13.3873,39.689,0.98609,0.139487
-13.532,39.8734,0.951822,0.11514
-13.704,40.0767,0.949024,0.0486948
-13.8801,40.2744,0.938534,0.0307877
-14.0318,40.441,0.941332,0.0405266
-14.2077,40.6348,0.933639,0.0406837
-14.3856,40.8254,0.930841,0.0171217
-14.5388,40.986,0.915455,-0.0394271
-14.7161,41.1695,0.904965,-0.0317302
-14.8915,41.3535,0.915455,-0.0180642
-15.039,41.5114,0.881187,0.00109956
-15.2079,41.6909,0.87839,0.00219912
-15.3774,41.8706,0.886083,0.00738276
-15.5229,42.0235,0.87839,0.0186925
-15.6917,42.1996,0.857409,0.0124093
-15.8576,42.3707,0.844121,-0.00738276
-15.9981,42.4855,0.836428,0.00109956
-16.1665,42.6304,0.909861,0.00769692
-16.3422,42.8016,0.891677,0.0270178
-16.4914,42.9357,0.904965,0.0311018
-16.6666,43.0835,0.875592,0.0325156
-16.8403,43.2457,0.857409,0.0351859
-16.9883,43.3801,0.865102,0.0355001
-17.163,43.5084,0.867899,0.0389558
-17.3389,43.6947,0.863004,0.0444536
-17.4871,43.8221,0.825938,0.043197
-17.6595,43.9797,0.844121,0.03927
-17.8362,44.1574,0.846919,0.03927
-17.991,44.3028,0.870697,0.0402125
-18.1773,44.4529,0.883985,0.0397412
-18.3651,44.6308,0.867899,0.0402125
-18.5247,44.7525,0.857409,0.0400554
-18.7119,44.9041,0.860206,0.0496373
-18.9001,45.0537,0.857409,0.0689581
-19.065,45.1719,0.87839,0.0929914
-19.2652,45.3211,0.902168,0.11514
-19.4741,45.4583,0.915455,0.12535
-19.6583,45.5585,0.909861,0.125821
-19.8726,45.7004,0.891677,0.125507
-20.0863,45.8092,0.870697,0.125507
-20.2692,45.9094,0.860206,0.147812
-20.4817,46.0048,0.846919,0.173416
-20.7004,46.1028,0.863004,0.179385
-20.8938,46.1804,0.870697,0.175301
-21.1265,46.252,0.883985,0.152211
-21.3641,46.335,0.88888,0.132733
-21.5712,46.401,0.891677,0.123308
-21.813,46.4581,0.886083,0.0983321
-22.0552,46.5086,0.881187,0.0578054
-22.2659,46.5375,0.912658,0.0513652
-22.5161,46.5811,0.936436,0.0515222
-22.7745,46.6322,0.959515,0.0552922
-23.0016,46.6477,0.959515,0.0563917
-23.2687,46.7037,0.957417,0.0678586
-23.5351,46.735,0.949024,0.0683298
-23.763,46.7577,0.944129,0.0673873
-24.0266,46.7894,0.944129,0.0472811
-24.2904,46.8263,0.949024,0.0267036
-24.5178,46.8384,0.970005,0.00361284
-24.7881,46.8619,0.967907,0.00219912
-25.0589,46.8947,0.967907,0.00015708
-25.2914,46.9169,0.962312,0.00062832
-25.5606,46.9498,0.954619,0.00062832
-25.8275,46.9527,0.941332,0
-26.0527,46.9731,0.928044,0
-26.3125,46.9848,0.930841,0
-26.5725,47,0.933639,0
-26.7959,47.01,0.912658,0.00047124
-27.0507,47.02,0.894475,0.00047124
-27.3007,47.0264,0.87839,0.00047124
-27.5111,47.0325,0.881187,0.00047124
-27.7566,47.0444,0.875592,0.00141372
-28.002,47.0534,0.883985,0.00267036
-28.2141,47.0607,0.902168,0.0031416
-28.4665,47.0789,0.904965,0.0031416
-28.7199,47.0966,0.907063,0.0031416
-28.9376,47.103,0.912658,0.00958188
-29.1935,47.1154,0.909861,0.0102102
-29.4487,47.1291,0.917554,0.0109956
-29.6685,47.14,0.904965,0.0111527
-29.9205,47.16,0.87839,0.0109956
-30.1657,47.18,0.857409,0.0105244
-30.3707,47.19,0.844121,0.007854
-30.6064,47.2083,0.849716,0.00644028
-30.8445,47.2109,0.852513,0.00644028
-31.0481,47.2127,0.857409,0.0062832
-31.2888,47.2143,0.867899,0.0062832
-31.5321,47.2153,0.870697,0.0100531
-31.7408,47.216,0.867899,-0.00486948
-31.9832,47.2166,0.854612,-0.0103673
-32.2225,47.2173,0.854612,-0.0161792
-32.4283,47.2184,0.865102,-0.0149226
-32.6705,47.2203,0.865102,-0.0240332
-32.9113,47.2231,0.854612,-0.031416
-33.1167,47.2268,0.854612,-0.0312589
-33.3555,47.2325,0.849716,-0.0311018
-33.5928,47.2398,0.846919,-0.0301594
-33.7966,47.2469,0.854612,-0.0265465
-34.0371,47.2567,0.873494,-0.013666
-34.2803,47.2677,0.865102,0.00848232
-34.4876,47.2776,0.857409,0.0169646
-34.7268,47.2885,0.852513,0.0218341
-34.9681,47.2979,0.873494,0.0221483
-35.1778,47.3052,0.875592,0.02152
-35.4245,47.3119,0.891677,0.02152
-35.6743,47.3182,0.88888,0.0219912
-35.8883,47.3226,0.896573,0.0201062
-36.1388,47.3264,0.88888,0.0205775
-36.3887,47.3289,0.896573,0.0182213
-36.6026,47.3299,0.886083,0.00267036
-36.8507,47.3303,0.886083,0.00094248
-37.0988,47.3306,0.886083,0.0015708
-37.3128,47.3304,0.896573,0.0023562
-37.5651,47.3304,0.907063,0.0015708
-37.8176,47.33,0.896573,0.00251328
-38.0335,47.3291,0.902168,0.00267036
-38.2861,47.3273,0.902168,0.0031416
-38.5362,47.3248,0.886083,0.00376992
-38.7391,47.3223,0.810552,0.00596904
-38.9583,47.3192,0.765794,0.00518364
-39.1818,47.3155,0.663688,0.00502656
-39.39,47.3116,0.571373,0.00502656
-39.6051,47.3069,0.521719,0.00722568
-39.8088,47.3023,0.524516,0.0070686
-40.0187,47.2973,0.535006,0.0109956
-40.2356,47.2916,0.542699,0.0251328
-40.4495,47.2851,0.529412,0.0230908
-40.6571,47.2773,0.511228,0.0212058
-40.8753,47.2675,0.455979,0.0208916
-41.0906,47.2567,0.437796,0.0164934
-41.3098,47.2446,0.48745,-0.00361284
-41.5166,47.2327,0.569275,-0.00424116
-41.7476,47.2196,0.587458,-0.003927
-41.991,47.2055,0.621726,-0.003927
-42.2403,47.1909,0.618929,-0.003927
-42.4897,47.1761,0.632217,-0.00361284
-42.6962,47.1636,0.663688,-0.00298452
-42.9125,47.1506,0.686766,-0.00298452
-43.1662,47.135,0.721035,-0.00329868
-43.3989,47.1204,0.742015,-0.00267036
-43.6073,47.1073,0.742015,-0.0015708
-43.8444,47.0922,0.742015,-0.00015708
-44.0521,47.0788,0.739218,-0.00031416
-44.292,47.063,0.758101,-0.00109956
-44.5057,47.0488,0.765794,-0.00219912
-44.7534,47.0322,0.773486,-0.00094248
-44.9694,47.0175,0.768591,-0.00141372
-45.2152,47.0005,0.768591,-0.00361284
-45.4285,46.9856,0.755303,-0.00361284
-45.6714,46.9684,0.765794,-0.00267036
-45.8836,46.9535,0.758101,-0.00267036
-46.1319,46.9359,0.789572,-0.00188496
-46.3524,46.9201,0.794467,-0.00188496
-46.6064,46.9013,0.794467,-0.00219912
-46.8287,46.8846,0.804957,-0.0023562
-47.0855,46.8648,0.80216,-0.0023562
-47.3123,46.8472,0.821043,-0.0023562
-47.5753,46.8264,0.828735,-0.00141372
-47.8093,46.8078,0.839226,-0.00172788
-48.0739,46.7862,0.818245,0.00251328
-48.3027,46.7672,0.833631,-0.00188496
-48.568,46.7444,0.831533,-0.00738276
-48.7981,46.7245,0.807755,-0.00895356
-49.0478,46.7026,0.74761,-0.00895356
-49.2496,46.6849,0.710544,-0.00926772
-49.4661,46.6659,0.611236,-0.00926772
-49.703,46.6451,0.548294,-0.00801108
-49.9065,46.6271,0.448286,-0.00659736
-50.1161,46.6087,0.434999,-0.00644028
-50.3186,46.591,0.385345,-0.00659736
-50.521,46.5733,0.193721,-0.00329868
-50.7284,46.5548,0.409123,0.00722568
-50.9314,46.5364,0.448286,-0.00188496
-51.1445,46.5167,0.440594,-0.00204204
-51.359,46.4966,0.458777,-0.0015708
-51.5734,46.4762,0.629419,0.0106814
-51.7996,46.4544,0.705649,0.00989604
-52.0288,46.4318,0.716139,0.00581196
-52.2588,46.4087,0.707747,0.00109956
-52.515,46.3825,0.723832,0.00015708
-52.7462,46.3582,0.734323,0.00015708
-52.9526,46.3366,0.755303,-0.00408408
-53.1943,46.311,0.762996,-0.0152368
-53.4083,46.2887,0.770689,-0.0146084
-53.6539,46.2638,0.770689,-0.0188496
-53.8693,46.2421,0.773486,-0.0285886
-54.1243,46.2171,0.821043,-0.0449249
-54.3536,46.1965,0.821043,-0.0439824
-54.6143,46.1754,0.804957,-0.0358142
-54.8396,46.1599,0.80216,-0.0180642
-55.0946,46.1438,0.797265,-0.0152368
-55.3144,46.1308,0.779081,-0.0146084
-55.5628,46.1163,0.783977,-0.0139801
-55.7811,46.104,0.797265,-0.0130376
-56.0351,46.0907,0.789572,-0.015708
-56.253,46.0802,0.734323,-0.0188496
-56.4782,46.0701,0.655295,-0.019635
-56.6831,46.0616,0.629419,-0.0182213
-56.9002,46.0532,0.464372,0.0185354
-57.115,46.0447,0.40143,0.0380134
-57.3155,46.035,0.369959,0.0389558
-57.5259,46.0233,0.419613,0.0296881
-57.7484,46.009,0.448286,0.0230908
-57.9654,45.994,0.455979,0.0213629
-58.1739,45.9785,0.518921,-0.0155509
-58.3838,45.9627,0.686766,-0.0237191
-58.6033,45.9465,0.73712,-0.0322014
-58.8127,45.9319,0.804957,-0.0260753
-59.0743,45.9147,0.852513,-0.011781
-59.3169,45.8996,0.883985,-0.00534072
-59.5321,45.8864,0.917554,-0.00486948
-59.7941,45.8705,0.957417,-0.00596904
-60.065,45.8541,0.980495,-0.0054978
-60.3003,45.8401,0.983293,-0.00534072
-60.5713,45.8239,0.954619,-0.00565488
-60.8266,45.8086,0.870697,-0.0054978
-61.0283,45.7964,0.800062,-0.00769692
-61.245,45.783,0.749708,-0.00832524
-61.4556,45.7701,0.758101,-0.00879648
-59.376,45.8891,0.758101,-0.00879648
-59.5842,45.8734,0.742015,-0.00691152
-61.5382,45.7658,0.781179,-0.00455532
-61.7636,45.7522,0.836428,-0.0023562
-62.1056,45.7318,0.849716,-0.00204204
-62.342,45.7175,0.79167,-0.00047124
-62.5592,45.7045,0.79167,0.00094248
-62.812,45.6891,0.818245,0.00424116
-63.0535,45.6742,0.823141,0.00612612
-63.3288,45.6567,0.920351,0.00801108
-63.595,45.6392,1.02036,0.00973896
-63.8042,45.6251,1.06722,0.00989604
-64.0173,45.6105,1.06722,0.00958188
-64.2246,45.5955,1.03295,0.00832524
-64.4277,45.5798,0.946926,0.0070686
-64.6505,45.5617,0.89937,0.0047124
-64.8924,45.542,0.797265,-0.00565488
-65.1084,45.5245,0.773486,-0.00565488
-65.3522,45.5044,0.758101,-0.0031416
-65.5615,45.4874,0.770689,-0.00361284
-65.8156,45.4661,0.849716,-0.0171217
-66.0516,45.4467,0.854612,-0.0232478
-66.2571,45.4304,0.846919,-0.0224624
-66.4938,45.4124,0.846919,-0.0193208
-66.7323,45.3954,0.860206,-0.015708
-66.9382,45.381,0.870697,-0.0158651
-67.1813,45.3644,0.881187,-0.0147655
-67.4282,45.348,0.896573,-0.011781
-67.6429,45.3344,0.902168,-0.00801108
-67.8955,45.3192,0.896573,-0.00753984
-68.1462,45.3044,0.896573,-0.00439824
-68.3616,45.2918,0.891677,-0.00345576
-68.611,45.2773,0.894475,-0.00345576
-68.8611,45.2625,0.904965,-0.003927
-69.0778,45.2497,0.904965,-0.003927
-69.3306,45.2346,0.904965,-0.00486948
-69.5839,45.2191,0.907063,-0.00486948
-69.8011,45.2059,0.902168,-0.00581196
-70.0535,45.1906,0.909861,-0.00926772
-70.3076,45.1749,0.907063,-0.00722568
-70.5245,45.1614,0.89937,0.00361284
-70.7755,45.1458,0.891677,0.0047124
-71.0253,45.1299,0.89937,0.0047124
-71.2405,45.1159,0.896573,0.00675444
-71.4899,45.0989,0.886083,0.0114668
-71.7354,45.0818,0.846919,0.0119381
-71.9357,45.0673,0.794467,0.00691152
-72.1561,45.0507,0.765794,-0.00424116
-72.36,45.0348,0.665786,-0.00738276
-72.5976,45.0166,0.542699,-0.00722568
-72.8004,45.001,0.445489,-0.00518364
-73.003,44.9853,0.40143,-0.00534072
-73.2129,44.9688,0.416815,-0.00612612
-73.4147,44.9528,0.440594,-0.00581196
-73.6266,44.9361,0.445489,-0.00455532
-73.8596,44.9175,0.451084,0.00486948
-74.075,44.8999,0.445489,0.0047124
-74.3034,44.8805,0.443391,-0.0194779
-74.519,44.8623,0.461574,-0.025604
-74.7229,44.846,0.461574,-0.0241903
-74.943,44.8293,0.458777,0.00109956
-75.1625,44.813,0.458777,0.00267036
-75.3648,44.7976,0.461574,0.00251328
-75.5853,44.7804,0.448286,-0.00031416
-75.7979,44.7634,0.448286,-0.00188496
-76.0311,44.7444,0.453881,-0.00361284
-76.2478,44.7263,0.451084,-0.003927
-76.4479,44.7096,0.458777,-0.00345576
-76.6699,44.6908,0.461574,-0.00329868
-76.8914,44.6719,0.455979,-0.0031416
-77.0919,44.6545,0.453881,-0.0031416
-77.3072,44.6357,0.443391,-0.00329868
-77.5203,44.6168,0.451084,-0.00361284
-77.7223,44.5986,0.461574,-0.00329868
-77.9438,44.5786,0.469267,-0.00345576
-78.1668,44.5584,0.461574,-0.00361284
-78.3707,44.5398,0.455979,-0.00361284
-78.5882,44.52,0.455979,-0.00361284
-78.8071,44.4999,0.455979,-0.00408408
-79.0064,44.4814,0.453881,-0.0102102
-79.2228,44.4615,0.451084,-0.0114668
-79.4436,44.4415,0.472064,-0.0111527
-79.6517,44.423,0.47696,-0.0103673
-79.873,44.4035,0.455979,-0.0105244
-80.0892,44.3846,0.448286,-0.0113098
-80.325,44.3643,0.458777,-0.0171217
-80.5472,44.3455,0.474862,-0.0201062
-80.752,44.3285,0.461574,-0.017593
-80.9728,44.3108,0.451084,-0.0204204
-81.1897,44.294,0.455979,-0.00486948
-81.4234,44.2767,0.453881,-0.00895356
-81.6402,44.261,0.451084,-0.00879648
-81.8403,44.2466,0.464372,-0.00612612
-82.0604,44.2309,0.458777,-0.0114668
-82.2796,44.2155,0.458777,-0.00659736
-82.4801,44.2015,0.453881,-0.0062832
-82.6978,44.1864,0.455979,-0.00455532
-82.9167,44.1714,0.455979,-0.0015708
-83.1169,44.1576,0.455979,-0.00109956
-83.3364,44.1422,0.461574,-0.00125664
-83.5582,44.1264,0.461574,-0.00109956
-83.7634,44.1116,0.469267,-0.00125664
-83.9863,44.0951,0.453881,0.00455532
-84.2035,44.0787,0.453881,-0.0152368
-84.4372,44.0609,0.453881,-0.0213629
-84.6567,44.0447,0.46647,-0.0193208
-84.8637,44.0297,0.472064,-0.00329868
-85.0841,44.0141,0.46647,-0.007854
-85.307,43.9981,0.472064,-0.00644028
-85.5091,43.9837,0.440594,-0.0054978
-85.721,43.9687,0.445489,-0.00612612
-85.9317,43.9534,0.443391,-0.00581196
-86.1693,43.9361,0.482555,-0.0135089
-86.3998,43.9196,0.461574,-0.0135089
-86.601,43.9055,0.451084,-0.0135089
-86.8178,43.8908,0.458777,-0.0131947
-87.0379,43.8763,0.458777,-0.0122522
-87.2381,43.8633,0.451084,-0.0119381
-87.4559,43.8493,0.461574,-0.0124093
-87.6754,43.8353,0.453881,-0.0125664
-87.8791,43.8225,0.464372,-0.0124093
-88.1006,43.8089,0.458777,-0.0119381
-88.3197,43.7959,0.461574,-0.0124093
-88.5228,43.7843,0.461574,-0.011781
-88.7449,43.7721,0.464372,-0.0100531
-88.9618,43.7604,0.451084,-0.00989604
-89.1968,43.7479,0.453881,-0.00848232
-89.4177,43.7365,0.464372,-0.00832524
-89.6211,43.7264,0.461574,-0.00895356
-89.8436,43.7157,0.46647,-0.00879648
-90.0671,43.7051,0.458777,-0.00832524
-90.2669,43.6959,0.443391,-0.00738276
-90.4775,43.6861,0.448286,-0.0070686
-90.6934,43.676,0.455979,-0.00769692
-90.8976,43.6667,0.46647,-0.00753984
-91.1233,43.6568,0.461574,-0.007854
-91.3401,43.6477,0.453881,-0.00722568
-91.5406,43.6394,0.458777,-0.00675444
-91.7589,43.6307,0.453881,-0.00675444
-91.9755,43.622,0.455979,0.00879648
-92.1782,43.6137,0.464372,0.0119381
-92.3999,43.604,0.461574,0.0122522
-92.6218,43.594,0.464372,0.0193208
-92.822,43.584,0.458777,0.0318872
-93.045,43.5717,0.46647,0.0361284
-93.2666,43.5572,0.464372,0.0355001
-93.4663,43.5426,0.445489,0.0284315
-93.6773,43.5253,0.440594,0.0230908
-93.8926,43.5062,0.455979,0.0232478
-94.0953,43.4874,0.461574,0.0234049
-94.3166,43.4654,0.461574,0.00439824
-94.5377,43.4426,0.464372,0.00455532
-94.7372,43.4218,0.453881,0.0023562
-94.9512,43.3989,0.445489,-0.0142943
-95.1642,43.376,0.451084,-0.0191638
-95.3987,43.3517,0.469267,-0.0243474
-95.6221,43.3292,0.46647,-0.053093
-95.825,43.3104,0.455979,-0.0526218
-96.0446,43.2923,0.464372,-0.0720997
-96.265,43.2768,0.455979,-0.111056
-96.499,43.2648,0.455979,-0.111056
-96.7186,43.2584,0.458777,-0.110741
-96.9205,43.2566,0.458777,-0.109642
-97.1419,43.2593,0.46647,-0.131005
-97.3446,43.2662,0.451084,-0.166191
-97.5617,43.2801,0.451084,-0.163363
-97.7781,43.3016,0.458777,-0.150326
-97.9958,43.3295,0.464372,-0.129277
-98.1997,43.3612,0.461574,-0.120009
-98.4161,43.4001,0.451084,-0.122051
-98.6284,43.4437,0.453881,-0.12425
-98.8255,43.4892,0.458777,-0.124722
-99.0388,43.544,0.464372,-0.124879
-99.2525,43.6047,0.464372,-0.124722
-99.4472,43.6649,0.453881,-0.124093
-99.6536,43.7341,0.451084,-0.123465
-99.8576,43.8076,0.451084,-0.108699
-100.077,43.8921,0.451084,-0.139173
-100.278,43.9757,0.453881,-0.138702
-100.461,44.0572,0.461574,-0.104929
-100.661,44.1521,0.461574,-0.0501085
-100.85,44.2444,0.367161,-0.0505798
-101.031,44.334,0.390939,-0.0521506
-101.214,44.4269,0.380449,-0.051051
-101.418,44.5328,0.434999,-0.0441395
-101.622,44.641,0.448286,-0.0587479
-101.816,44.7464,0.461574,-0.0742988
-101.994,44.8452,0.455979,-0.0708431
-102.184,44.9533,0.458777,-0.0837236
-102.374,45.0652,0.461574,-0.076498
-102.549,45.1715,0.46647,-0.0797966
-102.735,45.2877,0.440594,-0.0677015
-102.917,45.4043,0.464372,-0.031416
-103.087,45.5153,0.461574,-0.0304735
-103.273,45.6374,0.464372,-0.0282744
-103.456,45.7591,0.458777,-0.0301594
-103.624,45.8718,0.469267,-0.035343
-103.808,45.9958,0.448286,-0.0326726
-103.986,46.1177,0.455979,-0.0180642
-104.151,46.231,0.455979,-0.0179071
-104.333,46.3557,0.461574,-0.0226195
-104.515,46.482,0.455979,-0.0232478
-104.681,46.5966,0.455979,-0.023562
-104.861,46.7223,0.464372,-0.0226195
-105.043,46.8507,0.472064,-0.0223054
-105.211,46.9702,0.445489,-0.0190067
-105.387,47.0961,0.453881,-0.0166505
-105.564,47.223,0.455979,0.0232478
-105.755,47.3612,0.458777,0.023562
-105.934,47.4894,0.461574,0.0237191
-106.099,47.6058,0.455979,0.0278032
-106.279,47.7319,0.464372,0.0282744
-106.462,47.8577,0.455979,0.0284315
-106.627,47.9703,0.451084,0.0309448
-106.808,48.0917,0.455979,0.0296881
-106.992,48.2135,0.453881,0.0296881
-107.16,48.3228,0.455979,0.0347147
-107.343,48.4407,0.453881,0.011781
-107.528,48.5585,0.464372,0.0133518
-107.7,48.6679,0.451084,0.0289027
-107.884,48.7836,0.451084,-0.0100531
-108.065,48.8969,0.448286,-0.0179071
-108.235,49.004,0.461574,-0.0116239
-108.421,49.1219,0.461574,0.0141372
-108.609,49.2402,0.455979,0.017593
-108.778,49.3468,0.453881,0.0163363
-108.964,49.4624,0.455979,0.0248186
-109.151,49.5774,0.461574,0.0205775
-109.324,49.6826,0.451084,0.0267036
-109.509,49.7946,0.451084,0.0317302
-109.698,49.9063,0.464372,0.0356572
-109.875,50.0098,0.46647,0.0152368
-110.066,50.1204,0.453881,0.017593
-110.257,50.2294,0.458777,0.041312
-110.432,50.328,0.453881,0.0416262
-110.625,50.4345,0.461574,0.0422545
-110.821,50.5397,0.461574,0.0446107
-111,50.6341,0.461574,0.0535643
-111.196,50.7342,0.451084,0.0838807
-111.389,50.8298,0.445489,0.120166
-111.604,50.9298,0.469267,0.122837
-111.809,51.018,0.455979,0.12425
-111.996,51.0927,0.455979,0.14687
-112.203,51.1681,0.474862,0.156923
-112.417,51.2379,0.461574,0.129277
-112.613,51.2956,0.455979,0.111841
-112.824,51.3528,0.451084,0.0862369
-113.033,51.4044,0.448286,0.0830953
-113.262,51.4561,0.46647,0.0838807
-113.482,51.5011,0.469267,0.0826241
-113.682,51.5386,0.453881,0.0339293
-113.898,51.5767,0.453881,0.033458
-114.11,51.6129,0.440594,0.0311018
-114.337,51.6501,0.451084,0.0848232
-114.555,51.6825,0.469267,0.0867082
-114.759,51.7089,0.46647,0.0948763
-114.981,51.7336,0.461574,0.0945622
-115.202,51.7538,0.458777,0.0984892
-115.404,51.7686,0.458777,0.105558
-115.627,51.7802,0.469267,0.105087
-115.849,51.7868,0.455979,0.108699
-116.083,51.7889,0.451084,0.0636174
-116.303,51.7871,0.46647,0.0644028
-116.51,51.7831,0.469267,0.049166
-116.731,51.7767,0.453881,0.0453961
-116.948,51.7693,0.448286,0.0152368
-117.183,51.7602,0.455979,-0.00534072
-117.404,51.7517,0.464372,-0.0267036
-117.608,51.7443,0.451084,-0.00722568
-117.823,51.7368,0.461574,-0.033458
-118.044,51.7301,0.469267,-0.043197
-118.247,51.726,0.453881,-0.037228
-118.464,51.7235,0.455979,-0.0278032
-118.68,51.7225,0.440594,-0.023562
-118.916,51.7228,0.453881,0.0213629
-119.135,51.7234,0.453881,0.0301594
-119.371,51.7227,0.461574,0.0458674
-119.593,51.7204,0.461574,0.0578054
-119.797,51.7164,0.458777,0.0400554
-120.016,51.7101,0.451084,0.0279602
-120.233,51.703,0.451084,0.0449249
-120.468,51.6927,0.451084,0.0469669
-120.684,51.6806,0.448286,0.0359713
-120.884,51.6674,0.461574,0.00832524
-121.104,51.6525,0.461574,0.0158651
-121.326,51.6371,0.458777,0.023562
-121.527,51.6223,0.453881,0.0191638
-121.746,51.605,0.469267,0.0164934
-121.969,51.5863,0.458777,-0.00486948
-122.169,51.5695,0.458777,-0.0146084
-122.389,51.5514,0.455979,-0.0139801
-122.608,51.5343,0.464372,-0.0015708
-122.815,51.518,0.472064,-0.00408408
-123.042,51.5,0.474862,-0.00408408
-123.268,51.482,0.461574,0.00109956
-123.47,51.4657,0.455979,-0.0047124
-123.684,51.4481,0.434999,-0.00518364
-123.896,51.4306,0.461574,-0.0201062
-124.1,51.4141,0.469267,-0.025447
-124.324,51.3969,0.461574,-0.0139801
-124.543,51.3809,0.455979,-0.00895356
-124.743,51.3664,0.453881,-0.0131947
-124.962,51.3506,0.461574,-0.0205775
-125.181,51.3358,0.451084,-0.0122522
-125.415,51.3205,0.445489,-0.00753984
-125.627,51.3065,0.440594,-0.0290598
-125.861,51.2915,0.461574,-0.0270178
-126.085,51.2784,0.461574,-0.0100531
-126.288,51.2666,0.455979,-0.0166505
-126.508,51.2538,0.461574,-0.0226195
-126.73,51.2412,0.464372,-0.025604
-126.93,51.2306,0.451084,-0.0135089
-127.146,51.2196,0.445489,-0.00644028
-127.363,51.2081,0.46647,-0.029531
-127.566,51.1979,0.461574,-0.0285886
-127.786,51.1879,0.448286,-0.0240332
-128.003,51.1788,0.453881,-0.0191638
-128.203,51.1708,0.461574,-0.0144514
-128.425,51.1622,0.464372,-0.0146084
-128.646,51.1538,0.453881,-0.0166505
-128.879,51.1458,0.451084,-0.0158651
-129.097,51.1391,0.455979,-0.007854
-129.301,51.1334,0.469267,0.00047124
-129.525,51.1269,0.46647,0.0015708
-129.746,51.1199,0.453881,0.00282744
-129.982,51.1121,0.469267,-0.007854
-130.205,51.1047,0.46647,-0.0287456
-130.406,51.0986,0.448286,-0.0201062
-130.624,51.0927,0.461574,-0.00094248
-130.846,51.087,0.461574,0.00848232
-131.049,51.0812,0.461574,0.00596904
-131.27,51.0744,0.458777,-0.00832524
-131.491,51.0677,0.458777,-0.0141372
-131.726,51.061,0.448286,0.0015708
-131.941,51.0551,0.464372,0.00219912
-132.147,51.0492,0.472064,0.0015708
-132.372,51.0423,0.455979,0.00738276
-132.589,51.0348,0.453881,0.00455532
-132.824,51.026,0.453881,0.0070686
-133.046,51.0172,0.464372,0.00565488
-133.25,51.0087,0.455979,0.00675444
-133.47,50.9989,0.461574,0.0062832
-133.686,50.9884,0.455979,-0.0109956
-133.889,50.9781,0.464372,-0.025447
-134.112,50.9673,0.46647,-0.0282744
-134.332,50.9574,0.448286,-0.0285886
-134.568,50.9483,0.458777,-0.0268607
-134.785,50.9407,0.451084,-0.00047124
-134.987,50.9335,0.469267,-0.00094248
-135.207,50.9252,0.445489,-0.017593
-135.424,50.917,0.458777,-0.0094248
-135.626,50.9098,0.46647,-0.0232478
-135.851,50.902,0.455979,-0.00094248
-136.07,50.8946,0.464372,0.00502656
-136.273,50.8874,0.458777,0.00895356
-136.493,50.8792,0.458777,0.0105244
-136.713,50.8701,0.453881,0.0100531
-136.949,50.859,0.455979,-0.00424116
-137.171,50.8483,0.46647,-0.00848232
-137.375,50.8386,0.458777,-0.0378563
-137.595,50.8283,0.461574,-0.0336151
-137.817,50.8194,0.461574,0
-138.018,50.8115,0.448286,-0.0304735
-138.232,50.8032,0.437796,-0.0284315
-138.447,50.7961,0.461574,-0.0169646
-138.649,50.79,0.458777,-0.0172788
-138.869,50.7839,0.458777,-0.0193208
-139.09,50.7785,0.455979,-0.0147655
-139.292,50.7736,0.461574,-0.0146084
-139.514,50.7689,0.461574,-0.0141372
-139.738,50.7646,0.464372,-0.0150797
-139.942,50.761,0.455979,-0.0128806
-140.158,50.7574,0.443391,-0.0124093
-140.371,50.7539,0.455979,-0.0191638
-140.607,50.7505,0.469267,-0.0234049
-140.833,50.7482,0.47696,-0.0109956
-141.038,50.7469,0.458777,0.0100531
-141.255,50.7451,0.445489,0.0164934
-141.469,50.7425,0.443391,0.013666
-141.697,50.7389,0.445489,-0.00094248
-141.914,50.7356,0.458777,0.00031416
-142.118,50.7328,0.469267,-0.0152368
-142.344,50.7302,0.469267,-0.0223054
-142.566,50.7285,0.448286,-0.023562
-142.8,50.7274,0.455979,-0.0358142
-143.019,50.7277,0.461574,-0.0232478
-143.222,50.7293,0.458777,0.0260753
-143.443,50.7304,0.46647,0.0378563
-143.665,50.7297,0.458777,0.0284315
-143.866,50.7279,0.46647,-0.003927
-144.09,50.7258,0.46647,-0.0128806
-144.312,50.7238,0.453881,-0.011781
-144.515,50.7222,0.46647,-0.00329868
-144.738,50.7207,0.461574,0.0441395
-144.958,50.718,0.453881,0.0675444
-145.193,50.7115,0.453881,0.0278032
-145.413,50.7029,0.46647,-0.0219912
-145.617,50.695,0.461574,-0.029374
-145.839,50.6867,0.461574,-0.0323585
-146.063,50.6794,0.474862,-0.0309448
-146.272,50.6738,0.474862,0.00345576
-146.494,50.6683,0.453881,0.0119381
-146.711,50.6622,0.453881,0.0278032
-146.911,50.6557,0.46647,0.0296881
-147.134,50.6467,0.46647,0.0223054
-147.357,50.6365,0.458777,0.013823
-147.562,50.6264,0.469267,0.0141372
-147.784,50.6149,0.458777,0.0149226
-148.004,50.6024,0.455979,-0.00958188
-148.239,50.5888,0.455979,-0.00801108
-148.46,50.5766,0.46647,-0.0109956
-148.665,50.5653,0.46647,-0.0102102
-148.887,50.5532,0.443391,-0.0389558
-149.099,50.5429,0.443391,-0.00408408
-149.332,50.5326,0.461574,-0.00376992
-149.553,50.5222,0.461574,-0.00502656
-149.756,50.5129,0.469267,-0.007854
-149.977,50.5032,0.455979,-0.0135089
-150.197,50.494,0.455979,0.00329868
-150.399,50.4854,0.453881,0.00769692
-150.616,50.4753,0.451084,0.00722568
-150.836,50.4645,0.458777,0.00659736
-151.04,50.4541,0.46647,-0.0219912
-151.262,50.4428,0.461574,-0.033458
-151.482,50.4329,0.453881,-0.0284315
-151.714,50.4241,0.445489,-0.0144514
-151.929,50.4168,0.455979,-0.00958188
-152.131,50.4103,0.461574,-0.00109956
-152.353,50.4034,0.464372,0
-152.572,50.3963,0.451084,-0.00486948
-152.773,50.3898,0.469267,-0.00581196
-152.995,50.3826,0.461574,-0.00534072
-153.212,50.3757,0.448286,-0.00895356
-153.447,50.3682,0.451084,-0.00361284
-153.662,50.3615,0.455979,0.00675444
-153.865,50.3549,0.46647,-0.007854
-154.084,50.3475,0.448286,-0.00753984
-154.298,50.3407,0.448286,-0.00439824
-154.533,50.3332,0.458777,-0.00455532
-154.752,50.3262,0.455979,-0.00251328
-154.987,50.3188,0.461574,-0.0031416
-155.208,50.3119,0.464372,-0.0031416
-155.412,50.3055,0.46647,-0.00958188
-155.634,50.2988,0.461574,-0.0296881
-155.853,50.293,0.440594,-0.0218341
-156.085,50.2876,0.455979,-0.00439824
-156.303,50.2828,0.451084,-0.00424116
-156.538,50.2777,0.458777,0
-156.759,50.2727,0.46647,-0.00361284
-156.995,50.2675,0.448286,-0.00219912
-157.21,50.2628,0.448286,0.00031416
-157.445,50.2574,0.451084,0.00188496
-157.663,50.2521,0.453881,0.00989604
-157.866,50.2469,0.461574,0.0135089
-158.088,50.2406,0.461574,0.0124093
-158.509,50.226,0.448286,-0.0139801
-158.789,50.2176,0.46647,-0.0139801
-159.01,50.2108,0.458777,-0.0127235
-159.226,50.2045,0.451084,-0.0174359
-159.447,50.1984,0.46647,-0.0190067
-159.671,50.1931,0.458777,-0.0163363
-159.874,50.1889,0.458777,-0.00282744
-160.093,50.1845,0.455979,-0.00282744
-160.311,50.1801,0.455979,-0.0023562
-160.513,50.1761,0.453881,-0.00219912
-160.731,50.1719,0.458777,-0.00109956
-160.95,50.1678,0.455979,-0.00267036
-161.152,50.164,0.453881,-0.00267036
-161.37,50.16,0.458777,-0.00219912
-161.592,50.1557,0.46647,-0.00282744
-161.795,50.1516,0.455979,0.00219912
-162.009,50.1472,0.445489,0.00879648
-162.226,50.1425,0.46647,0.0120952
-162.43,50.1379,0.455979,0.0135089
-162.65,50.1326,0.474862,0.0238762
-162.874,50.1262,0.455979,0.0193208
-163.107,50.1184,0.453881,0.0125664
-163.324,50.1103,0.455979,0.0106814
-163.525,50.1026,0.455979,0.00879648
-163.743,50.094,0.46647,0.0062832
-163.967,50.085,0.46647,0.00518364
-164.172,50.0763,0.464372,0.0070686
-164.394,50.0665,0.458777,0.00094248
-164.615,50.0562,0.455979,-0.0152368
-164.817,50.0469,0.455979,-0.0210487
-165.035,50.0376,0.453881,-0.023562
-165.253,50.0293,0.451084,-0.0241903
-165.453,50.0224,0.472064,-0.0169646
-165.681,50.0152,0.479757,-0.00895356
-165.907,50.0086,0.455979,-0.00879648
-166.14,50.0019,0.448286,-0.0102102
-166.359,49.9961,0.469267,-0.0106814
-166.565,49.9908,0.461574,-0.011781
-166.787,49.9852,0.464372,-0.00659736
-167.006,49.9797,0.448286,0.00769692
-167.242,49.9735,0.46647,0.0257611
-167.465,49.967,0.458777,0.0252899
-167.666,49.9602,0.455979,0.025447
-167.884,49.9519,0.461574,0.0281173
-168.108,49.9417,0.46647,0.0282744
-168.313,49.9311,0.464372,0.025447
-168.534,49.9183,0.455979,0.0185354
-168.75,49.9049,0.445489,0.0191638
-168.984,49.8893,0.464372,0.0103673
-169.209,49.8734,0.464372,-0.00565488
-169.411,49.8586,0.455979,-0.0276461
-169.635,49.8428,0.474862,-0.0260753
-169.861,49.8281,0.469267,-0.0279602
-170.062,49.8162,0.455979,-0.0262324
-170.278,49.8046,0.453881,-0.0248186
-170.497,49.794,0.461574,-0.0249757
-170.699,49.785,0.461574,-0.0245045
-170.921,49.7762,0.464372,-0.025447
-171.141,49.7684,0.451084,-0.0249757
-171.374,49.761,0.453881,0
-171.592,49.7541,0.458777,-0.00486948
-171.797,49.7475,0.46647,-0.00722568
-172.018,49.7406,0.458777,0.0210487
-172.234,49.733,0.448286,0.195565
-172.466,49.7182,0.453881,0.423331
-172.686,49.7,0.472064,0.469355
-172.888,49.69,0.469267,0.469512
-173.095,49.68,0.461574,0.441238
-173.295,49.66,0.453881,0.240961
-173.47,49.65,0.472064,0.0113098
-173.663,49.64,0.469267,-0.00801108
-173.859,49.63,0.47696,-0.0249757
-174.039,49.62,0.458777,-0.0376992
-174.227,49.61,0.445489,-0.074613
-174.412,49.6,0.443391,-0.0758696
-174.619,49.59,0.458777,-0.0747701
-174.814,49.58,0.455979,-0.110427
-174.993,49.57,0.443391,-0.257925
-175.189,49.56,0.451084,-0.330025
-175.393,49.55,0.455979,-0.327826
-175.619,49.54,0.464372,-0.345419
-175.841,49.53,0.485352,-0.340078
-176.046,49.52,0.461574,-0.238919
-176.26,49.51,0.448286,-0.118752
-176.473,49.5,0.458777,-0.0680156
-176.677,49.49,0.469267,-0.0422545
-176.903,49.48,0.469267,-0.0326726
-177.123,49.47,0.455979,-0.0116239
-177.356,49.46,0.443391,-0.0062832
-177.573,49.45,0.461574,-0.00534072
-177.777,49.44,0.443391,-0.00534072
-177.99,49.43,0.440594,-0.00565488
-178.205,49.42,0.455979,-0.00565488
-178.411,49.41,0.482555,0.0541926
-178.644,49.4,0.46647,0.0816816
-178.866,49.39,0.453881,0.072728
-179.099,49.38,0.42241,0.0464957
-179.307,49.37,0.160152,0.0290598
-179.508,49.36,0.283239,-1.00531
-179.705,49.35,0.414018,-0.725238
-179.902,49.34,0.48745,-0.430085
-180.088,49.33,0.485352,-0.0361284
-180.282,49.32,0.46647,0.271748
-180.469,49.31,0.443391,0.309919
-180.656,49.3,0.330095,0.309762
-180.84,49.29,0.317507,0.290755
-181.028,49.28,0.327997,0.224153
-181.227,49.27,0.24897,0.105401
-181.446,49.26,0.41192,0.0840378
-181.662,49.25,0.430103,0.0552922
-181.867,49.24,0.434999,0.0505798
-182.094,49.23,0.453881,0.052936
-182.313,49.22,0.46647,0.0540355
-182.511,49.24,0.448286,0.0534072
-182.723,49.26,0.453881,0.0523076
-182.937,49.2968,0.451084,0.0486948
-183.169,49.3361,0.455979,-0.007854
-183.387,49.3716,0.46647,-0.0155509
-183.588,49.4049,0.453881,-0.0133518
-183.806,49.4416,0.461574,-0.0497944
-184.023,49.479,0.451084,-0.112312
-184.253,49.5233,0.453881,-0.130691
-184.466,49.5704,0.455979,-0.167919
-184.661,49.6191,0.451084,-0.166819
-184.874,49.6796,0.461574,-0.160065
-185.083,49.7475,0.461574,-0.159907
-185.273,49.816,0.453881,-0.126606
-185.471,49.8936,0.440594,-0.268136
-185.666,49.9786,0.461574,-0.506897
-185.842,50.0749,0.448286,-0.675287
-186.017,50.2065,0.503535,-0.626121
-186.182,50.3786,0.490248,-0.451762
-186.377,50.438,0.500738,-0.377306
-186.59,50.551,0.474862,-0.187239
-186.846,50.6473,0.440594,-0.0424116
-186.955,50.8514,0.451084,0.0541926
-187.058,51.0391,0.445489,0.0540355
-187.174,51.2425,0.445489,0.0931484
-187.284,51.4307,0.461574,0.134303
-187.391,51.6025,0.448286,0.134775
-187.512,51.7841,0.46647,0.132104
-187.641,51.9656,0.461574,0.0538784
-187.78,52.1535,0.453881,0.0420974
-187.91,52.325,0.440594,0.0425687
-188.053,52.5096,0.448286,0.0427258
-188.188,52.6795,0.458777,0.0422545
-188.315,52.836,0.453881,0.0422545
-188.455,53.0042,0.455979,0.043197
-188.597,53.1709,0.455979,0.0436682
-188.728,53.3222,0.458777,0.0229337
-188.872,53.4845,0.451084,-0.0488519
-189.016,53.6475,0.461574,-0.045239
-189.15,53.8016,0.469267,-0.0427258
-189.296,53.9694,0.451084,-0.0425687
-189.44,54.1368,0.469267,-0.03927
-189.571,54.2924,0.453881,-0.0386417
-189.711,54.4597,0.464372,0.0573342
-189.856,54.6298,0.469267,0.0999029
-189.992,54.7836,0.458777,0.118752
-190.142,54.9432,0.448286,0.219598
-190.295,55.095,0.448286,0.330968
-190.472,55.2492,0.461574,0.332067
-190.649,55.3806,0.455979,0.408094
-190.819,55.4872,0.443391,0.503598
-191.011,55.5822,0.458777,0.592977
-191.225,55.654,0.485352,0.594862
-191.476,55.6526,0.474862,0.45082
-191.697,55.5904,0.472064,0.32814
-191.91,55.5093,0.474862,0.291069
-192.097,55.4252,0.455979,0.276461
-192.289,55.3249,0.453881,0.27112
-192.477,55.2128,0.469267,0.226666
-192.649,55.0972,0.474862,0.124407
-192.831,54.9658,0.455979,0.0673873
-193.007,54.834,0.451084,0.0896927
-193.194,54.6888,0.464372,0.0832524
-193.367,54.5495,0.440594,0.0838807
-193.543,54.4037,0.448286,0.0917347
-193.707,54.2634,0.469267,0.072571
-193.861,54.127,0.469267,0.0731993
-194.028,53.975,0.472064,0.072728
-194.195,53.8191,0.455979,-0.0323585
-194.367,53.6575,0.451084,-0.0995887
-194.526,53.5133,0.445489,-0.0823099
-194.678,53.3815,0.47696,-0.0130376
-194.85,53.2345,0.472064,0.0420974
-195.019,53.0871,0.464372,0.0381704
-195.173,52.9524,0.430103,0.00659736
-195.328,52.8154,0.455979,0.0278032
-195.492,52.6694,0.46647,0.0777546
-195.643,52.5329,0.461574,0.0317302
-195.805,52.3824,0.453881,0.0149226
-195.96,52.2383,0.416815,-0.015708
-196.123,52.0866,0.461574,-0.0142943
-196.283,51.938,0.455979,0.0673873
-196.43,51.8001,0.451084,0.171846
-196.52,51.593,0.455979,0.314631
-196.569,51.352,0.469267,0.487576
-196.547,51.1349,0.458777,0.416419
-196.486,50.9435,0.453881,0.320757
-196.404,50.7415,0.458777,0.294996
-196.307,50.5416,0.469267,0.260596
-196.206,50.362,0.46647,0.19745
-196.087,50.1734,0.46647,0.113569
-195.962,49.9893,0.458777,0.1786
-195.824,49.7985,0.448286,0.308505
-195.688,49.631,0.455979,0.277403
-195.551,49.4833,0.464372,0.158808
-195.395,49.3257,0.458777,0.0501085
-195.236,49.1705,0.46647,0.0306306
-195.089,49.0289,0.46647,0.00879648
-194.927,48.875,0.453881,0.00015708
-194.77,48.7258,0.445489,0.00879648
-194.6,48.5631,0.469267,0.00832524
-194.438,48.408,0.464372,0.0870223
-194.291,48.2692,0.461574,0.161949
-194.127,48.1229,0.455979,0.210016
-193.958,47.983,0.464372,0.218184
-193.751,47.848,0.47696,0.193208
-193.591,47.752,0.472064,0.19902
-193.418,47.655,0.46647,0.220697
-193.258,47.564,0.461574,0.297824
-193.046,47.467,0.445489,0.31683
-192.838,47.375,0.451084,0.309448
-192.539,47.259,0.455979,0.374007
-192.264,47.187,0.455979,0.327983
-192.075,47.134,0.448286,0.32547
-191.862,47.132,0.469267,0.301751
-191.688,47.153,0.451084,0.284786
-191.463,47.2258,0.453881,0.245516
-191.285,47.3528,0.458777,0.23562
-191.127,47.4779,0.453881,0.234363
-190.96,47.6242,0.46647,0.191323
-190.8,47.7778,0.453881,0.160065
-190.637,47.946,0.451084,0.160065
-190.491,48.107,0.453881,0.125193
-190.34,48.2842,0.443391,0.0518364
-190.203,48.4506,0.464372,0.0323585
-190.074,48.6092,0.458777,0.0306306
-189.936,48.781,0.455979,0.0328297
-189.799,48.9549,0.46647,0.033301
-189.674,49.1142,0.451084,0.00219912
-189.54,49.2868,0.461574,-0.0738276
-189.404,49.4594,0.455979,-0.281959
-189.274,49.6121,0.453881,-0.377306
-189.119,49.7692,0.46647,-0.305206
-188.95,49.9177,0.472064,-0.221483
-188.787,50.0475,0.469267,-0.228708
-188.605,50.1794,0.46647,-0.232793
-188.345,50.238,0.451084,-0.267664
-188.081,50.26,0.461574,-0.388459
-187.821,50.276,0.453881,-0.571614
-187.6,50.295,0.464372,-0.629262
-187.348,50.3204,0.453881,-0.572714
-187.128,50.3399,0.472064,-0.430399
-186.902,50.336,0.46647,-0.279445
-186.698,50.319,0.472064,-0.160379
-186.473,50.2915,0.479757,-0.12912
-186.245,50.2561,0.474862,-0.0829382
-186.041,50.2201,0.464372,-0.0796396
-185.829,50.1792,0.445489,-0.0731993
-185.618,50.1361,0.451084,-0.0397412
-185.388,50.0871,0.455979,-0.0344005
-185.172,50.04,0.46647,-0.0267036
-184.974,49.9964,0.458777,0.00502656
-184.759,49.9494,0.455979,0.0348718
-184.544,49.904,0.461574,0.0504227
-184.347,49.8649,0.455979,0.0537214
-184.132,49.8248,0.451084,0.0559205
-183.919,49.788,0.461574,0.0557634
-183.718,49.7558,0.474862,0.0557634
-183.491,49.7223,0.479757,0.0557634
-183.273,49.6931,0.448286,0.0557634
-183.041,49.6654,0.443391,0.0557634
-182.827,49.6426,0.458777,0.0562346
-182.625,49.6237,0.464372,0.0653453
-182.402,49.6061,0.464372,0.0656594
-182.18,49.5923,0.461574,0.0662878
-181.978,49.5829,0.46647,0.0662878
-181.755,49.5759,0.453881,0.0664448
-181.539,49.5725,0.448286,0.0664448
-181.307,49.5726,0.448286,0.0526218
-181.091,49.5757,0.451084,0.0342434
-180.888,49.5803,0.469267,0.0337722
-180.664,49.5872,0.464372,0.0047124
-180.442,49.5955,0.458777,0.003927
-180.242,49.6033,0.448286,0.00376992
-180.029,49.6117,0.445489,-0.0191638
-179.811,49.6203,0.464372,-0.0257611
-179.607,49.6274,0.458777,-0.0252899
-179.386,49.6344,0.458777,-0.0122522
-179.167,49.6407,0.453881,0.0023562
-178.931,49.6477,0.451084,0.0147655
-178.715,49.6546,0.461574,0.0161792
-178.511,49.6615,0.461574,0.0358142
-178.288,49.6703,0.469267,0.0190067
-178.066,49.6806,0.453881,0.0270178
-177.83,49.6929,0.461574,-0.0152368
-177.61,49.7053,0.455979,-0.0210487
-177.376,49.7179,0.451084,-0.0251328
-177.159,49.7288,0.458777,0.00062832
-176.955,49.7385,0.464372,0.0120952
-176.734,49.7498,0.455979,0.0070686
-176.516,49.7613,0.458777,0.00062832
-176.314,49.7724,0.455979,-0.0015708
-176.097,49.7847,0.451084,-0.0031416
-175.881,49.7971,0.451084,-0.00534072
-175.645,49.8107,0.458777,-0.0109956
-175.426,49.8233,0.455979,-0.019635
-175.225,49.8347,0.461574,-0.0171217
-175.004,49.8469,0.455979,-0.003927
-174.785,49.8589,0.461574,-0.00581196
-174.583,49.8697,0.458777,-0.00832524
-174.363,49.8814,0.455979,-0.0174359
-174.142,49.8927,0.461574,-0.0146084
-173.939,49.9024,0.455979,-0.0062832
-173.72,49.9125,0.453881,-0.00722568
-173.503,49.9221,0.445489,-0.00267036
-173.268,49.9324,0.461574,-0.00251328
-173.044,49.9419,0.46647,-0.00408408
-172.839,49.9506,0.469267,-0.0131947
-172.616,49.9597,0.445489,-0.0282744
-172.402,49.9675,0.443391,-0.0271748
-172.17,49.975,0.448286,-0.0499514
-171.951,49.9802,0.46647,-0.0252899
-171.747,49.9834,0.461574,0.00361284
-171.528,49.987,0.443391,-0.00329868
-171.313,49.9911,0.464372,-0.0144514
-171.108,49.9948,0.472064,-0.013666
-170.885,49.9987,0.451084,-0.0133518
-170.67,50.0021,0.451084,-0.00455532
-170.47,50.0053,0.46647,-0.00596904
-170.245,50.0089,0.469267,-0.0054978
-170.021,50.0127,0.46647,-0.00691152
-169.817,50.0162,0.458777,-0.0409979
-169.597,50.019,0.453881,-0.0296881
-169.378,50.0203,0.458777,-0.0350288
-169.177,50.0205,0.455979,-0.0287456
-168.959,50.0195,0.455979,-0.0166505
-168.737,50.0179,0.46647,0.0240332
-168.534,50.0171,0.461574,0.0185354
-168.311,50.0172,0.46647,0.0208916
-168.092,50.0179,0.453881,0.0161792
-167.856,50.0201,0.451084,0.0102102
-167.635,50.0233,0.464372,0.0102102
-167.433,50.0271,0.451084,0.00565488
-167.214,50.0318,0.461574,-0.00125664
-166.995,50.0365,0.453881,0.00659736
-166.759,50.042,0.458777,0.0182213
-166.535,50.048,0.472064,0.0135089
-166.329,50.0546,0.453881,0
-166.111,50.0622,0.458777,-0.0149226
-165.891,50.07,0.458777,-0.00408408
-165.685,50.077,0.472064,-0.0237191
-165.463,50.0844,0.448286,-0.0249757
-165.247,50.0906,0.46647,-0.00486948
-165.04,50.0962,0.479757,0.0023562
-164.817,50.1027,0.455979,0.00031416
-164.595,50.1097,0.458777,0.013823
-164.394,50.1159,0.458777,0.0149226
-164.174,50.1239,0.458777,0.0116239
-163.955,50.1326,0.461574,0.0119381
-163.753,50.1414,0.46647,-0.0015708
-163.528,50.1521,0.472064,-0.0204204
-163.306,50.1626,0.448286,-0.0567059
-163.074,50.1719,0.445489,-0.0716285
-162.862,50.1779,0.443391,-0.0142943
-162.661,50.1822,0.472064,-0.00424116
-162.432,50.1872,0.479757,0.0031416
-162.205,50.1923,0.46647,0.0122522
-162,50.1976,0.464372,-0.00125664
-161.78,50.204,0.461574,-0.00109956
-161.562,50.2107,0.453881,-0.0015708
-161.33,50.2179,0.448286,0.00298452
-161.114,50.2249,0.445489,0.0062832
-160.877,50.2332,0.472064,0.00298452
-160.651,50.2413,0.464372,-0.00502656
-160.445,50.2491,0.46647,-0.00816816
-160.222,50.2577,0.461574,-0.00015708
-159.999,50.2661,0.461574,0.00439824
-159.798,50.2739,0.443391,0.00691152
-159.584,50.2826,0.448286,0.00439824
-159.365,50.292,0.464372,0.00801108
-159.163,50.301,0.455979,0.00659736
-158.943,50.3111,0.451084,0.00031416
-158.727,50.3212,0.451084,0
-158.493,50.3321,0.461574,-0.00015708
-158.271,50.3424,0.464372,0.00047124
-158.067,50.3521,0.461574,0.00612612
-157.845,50.3629,0.461574,0.00801108
-157.625,50.374,0.445489,-0.0171217
-157.393,50.3856,0.445489,-0.025447
-157.178,50.3956,0.453881,-0.0182213
-156.945,50.4054,0.451084,-0.0171217
-156.726,50.414,0.461574,-0.0193208
-156.522,50.4214,0.461574,-0.00911064
-156.3,50.4288,0.453881,-0.0102102
-156.083,50.4359,0.451084,-0.0163363
-155.85,50.4433,0.455979,-0.0119381
-155.631,50.4497,0.455979,-0.0153938
-155.395,50.4564,0.455979,-0.0168076
-155.175,50.4619,0.469267,-0.0213629
-154.972,50.4665,0.453881,-0.00801108
-154.754,50.471,0.453881,0.00486948
-154.537,50.4761,0.455979,-0.0127235
-154.3,50.482,0.455979,-0.0237191
-154.082,50.4869,0.453881,0.00722568
-153.847,50.4921,0.455979,0.00282744
-153.628,50.4973,0.458777,0.00361284
-153.425,50.5023,0.455979,0.00769692
-153.207,50.5081,0.453881,0.00848232
-152.991,50.5142,0.451084,0.00502656
-152.758,50.5213,0.451084,0.00455532
-152.542,50.5281,0.461574,0.00408408
-152.337,50.535,0.474862,0.00376992
-152.109,50.5431,0.445489,-0.00267036
-151.893,50.5509,0.451084,-0.013666
-151.66,50.559,0.453881,-0.00848232
-151.439,50.5663,0.461574,-0.0171217
-151.234,50.5728,0.458777,-0.0114668
-151.015,50.5793,0.453881,-0.00486948
-150.798,50.5857,0.451084,-0.00722568
-150.597,50.5914,0.464372,-0.00581196
-150.379,50.5977,0.451084,-0.0100531
-150.16,50.604,0.458777,0.00125664
-149.958,50.6097,0.46647,0.017593
-149.734,50.6166,0.464372,0.0260753
-149.516,50.6244,0.443391,0.0303164
-149.284,50.634,0.451084,0.0158651
-149.067,50.6443,0.461574,-0.0007854
-148.863,50.6542,0.472064,-0.00329868
-148.639,50.6652,0.458777,0.00659736
-148.421,50.676,0.453881,0.0007854
-148.186,50.6883,0.448286,-0.00329868
-147.968,50.6997,0.455979,-0.00329868
-147.766,50.7103,0.461574,0.0007854
-147.545,50.7219,0.461574,0.00015708
-147.322,50.7336,0.469267,0.0202633
-147.121,50.7447,0.453881,0.0119381
-146.905,50.7572,0.453881,0.00408408
-146.687,50.7702,0.455979,-0.0301594
-146.486,50.7816,0.464372,-0.0344005
-146.263,50.7928,0.46647,-0.0285886
-146.04,50.8027,0.464372,-0.0265465
-145.837,50.8107,0.469267,-0.0342434
-145.616,50.8181,0.455979,-0.0259182
-145.397,50.8248,0.461574,-0.0243474
-145.161,50.8313,0.448286,-0.0284315
-144.942,50.8364,0.46647,-0.0270178
-144.734,50.8406,0.472064,-0.0226195
-144.511,50.8445,0.464372,-0.0193208
-144.288,50.8483,0.464372,0.00329868
-144.054,50.8526,0.443391,0.0122522
-143.839,50.8574,0.458777,0.00298452
-143.635,50.8622,0.469267,0.0031416
-143.41,50.8679,0.469267,0.0031416
-143.185,50.8743,0.469267,-0.00973896
-142.983,50.8805,0.448286,-0.00753984
-142.767,50.887,0.461574,-0.0109956
-142.545,50.894,0.464372,0.00109956
-142.34,50.9005,0.453881,0.00895356
-142.121,50.9083,0.461574,0.003927
-141.9,50.917,0.461574,-0.0325156
-141.699,50.9251,0.448286,-0.0378563
-141.484,50.9328,0.445489,-0.0362855
-141.269,50.9392,0.451084,-0.0218341
-141.068,50.9445,0.464372,0.00408408
-140.841,50.9501,0.469267,0.00989604
-140.62,50.9563,0.445489,0.00722568
-140.387,50.9635,0.453881,0.00282744
-140.168,50.9706,0.461574,-0.0155509
-139.963,50.9772,0.469267,-0.0282744
-139.737,50.9836,0.469267,-0.0257611
-139.515,50.9888,0.461574,-0.00109956
-139.314,50.9935,0.46647,0.00282744
-139.093,50.9991,0.455979,0.025447
-138.879,51.0052,0.434999,0.00895356
-138.65,51.0128,0.453881,0.00486948
-138.426,51.0206,0.469267,-0.00722568
-138.221,51.028,0.455979,-0.0106814
-138.001,51.0362,0.455979,-0.00094248
-137.781,51.0439,0.458777,0.011781
-137.548,51.052,0.443391,0.00801108
-137.336,51.0597,0.445489,0.00612612
-137.136,51.0672,0.461574,0.029374
-136.912,51.0769,0.469267,0.0105244
-136.687,51.0877,0.46647,0.00455532
-136.483,51.0972,0.461574,0.00753984
-136.264,51.108,0.464372,-0.00518364
-136.044,51.1192,0.453881,-0.0348718
-135.81,51.1304,0.451084,-0.019635
-135.592,51.1401,0.461574,0.00769692
-135.386,51.1499,0.474862,0.00581196
-135.158,51.1613,0.46647,0.003927
-134.938,51.1723,0.448286,-0.00141372
-134.707,51.1839,0.453881,0.00518364
-134.489,51.1948,0.461574,0.00345576
-134.287,51.2055,0.461574,-0.0223054
-134.066,51.2163,0.458777,-0.0172788
-133.852,51.2263,0.432901,-0.0113098
-133.62,51.2367,0.464372,-0.00047124
-133.396,51.2466,0.46647,0.00109956
-133.191,51.2557,0.453881,0.00329868
-132.971,51.2655,0.458777,0.00753984
-132.749,51.2761,0.464372,0.00722568
-132.546,51.2865,0.455979,-0.0186925
-132.325,51.2976,0.453881,-0.0147655
-132.108,51.3081,0.453881,-0.017593
-131.875,51.3192,0.448286,-0.033458
-131.656,51.3287,0.464372,-0.0158651
-131.449,51.3367,0.474862,-0.0257611
-131.223,51.3451,0.448286,-0.0323585
-131.008,51.3525,0.448286,-0.0383275
-130.773,51.3594,0.451084,-0.0210487
-130.556,51.3647,0.455979,-0.00848232
-130.352,51.3695,0.472064,-0.0062832
-130.127,51.3746,0.464372,0.0193208
-129.904,51.3806,0.469267,0.0238762
-129.699,51.3877,0.461574,0.023562
-129.478,51.3963,0.458777,0.0212058
-129.261,51.4058,0.451084,0.0158651
-129.026,51.4169,0.46647,-0.0054978
-128.805,51.4273,0.464372,-0.00565488
-128.601,51.4372,0.458777,-0.0179071
-128.378,51.4481,0.464372,-0.0248186
-128.155,51.4581,0.464372,-0.0344005
-127.95,51.4664,0.458777,-0.0168076
-127.732,51.4746,0.455979,0.0062832
-127.512,51.4825,0.461574,0.0109956
-127.306,51.4905,0.46647,0.0086394
-127.084,51.4999,0.464372,0.0113098
-126.863,51.5103,0.461574,0.0086394
-126.662,51.5206,0.451084,0.00408408
-126.443,51.5318,0.458777,0.00345576
-126.221,51.5434,0.464372,0.0109956
-126.016,51.5544,0.455979,0.0124093
-125.797,51.5672,0.458777,0.0086394
-125.582,51.5807,0.440594,-0.0149226
-125.351,51.5954,0.453881,-0.0322014
-125.131,51.6078,0.458777,-0.0309448
-124.897,51.6197,0.445489,-0.0336151
-124.683,51.6295,0.445489,-0.0395842
-124.451,51.6387,0.451084,-0.0322014
-124.234,51.646,0.458777,-0.0243474
-124.031,51.6519,0.461574,-0.0114668
-123.809,51.6576,0.455979,0.00486948
-123.589,51.6636,0.445489,0.00361284
-123.357,51.671,0.458777,-0.00298452
-123.138,51.6779,0.461574,0.00282744
-122.932,51.6843,0.46647,0.00062832
-122.708,51.6915,0.464372,-0.007854
-122.484,51.6988,0.461574,-0.00659736
-122.28,51.7056,0.458777,-0.00832524
-122.061,51.7133,0.469267,-0.0252899
-121.836,51.7208,0.46647,-0.0268607
-121.601,51.7279,0.448286,0.00675444
-121.382,51.7345,0.464372,-0.00125664
-121.176,51.7415,0.469267,0.00424116
-120.951,51.7497,0.464372,-0.00455532
-120.726,51.7581,0.472064,-0.00219912
-120.52,51.7653,0.472064,0.00408408
-120.294,51.7733,0.474862,-0.0130376
-120.079,51.7808,0.440594,-0.00769692
-119.85,51.7887,0.445489,-0.0128806
-119.637,51.7958,0.453881,-0.0114668
-119.436,51.8027,0.461574,-0.0252899
-119.216,51.8102,0.453881,-0.0378563
-118.995,51.8168,0.482555,-0.0414691
-118.782,51.8221,0.472064,-0.0290598
-118.555,51.8261,0.464372,-0.00958188
-118.335,51.8296,0.451084,-0.00958188
-118.104,51.8339,0.443391,-0.00062832
-117.893,51.8386,0.440594,-0.00408408
-117.661,51.844,0.443391,-0.00062832
-117.445,51.8493,0.461574,0.003927
-117.24,51.855,0.453881,-0.0213629
-117.022,51.861,0.448286,-0.045239
-116.794,51.8661,0.490248,-0.0447678
-116.585,51.8688,0.453881,-0.043197
-116.37,51.8704,0.434999,-0.0405266
-116.161,51.8706,0.440594,-0.0461815
-115.927,51.869,0.474862,-0.0576484
-115.7,51.8646,0.474862,-0.0565488
-115.493,51.8582,0.472064,-0.0925201
-115.272,51.848,0.458777,-0.0907922
-115.053,51.8336,0.47696,-0.0881219
-114.846,51.8165,0.46647,-0.0856086
-114.631,51.7949,0.432901,-0.088279
-114.422,51.7705,0.451084,-0.110584
-114.222,51.7431,0.464372,-0.117025
-114.001,51.7073,0.46647,-0.115768
-113.782,51.6662,0.461574,-0.113098
-113.585,51.6245,0.445489,-0.110427
-113.376,51.5756,0.440594,-0.0984892
-113.168,51.522,0.464372,-0.110741
-112.972,51.4675,0.461574,-0.122994
-112.757,51.402,0.474862,-0.133832
-112.547,51.332,0.461574,-0.137602
-112.358,51.2637,0.448286,-0.123151
-112.158,51.1863,0.443391,-0.138702
-111.959,51.1037,0.440594,-0.138073
-111.743,51.0068,0.46647,-0.116239
-111.542,50.9102,0.455979,-0.0926772
-111.362,50.8195,0.46647,-0.0733564
-111.163,50.7155,0.46647,-0.0622037
-110.968,50.61,0.453881,-0.0548209
-110.763,50.4964,0.451084,-0.052936
-110.577,50.3904,0.443391,-0.0424116
-110.373,50.2732,0.458777,-0.0538784
-110.182,50.1612,0.469267,-0.062832
-110.004,50.0552,0.47696,-0.0582767
-109.81,49.9367,0.464372,-0.0623608
-109.625,49.8211,0.453881,-0.0362855
-109.456,49.7136,0.461574,-0.0369138
-109.271,49.5946,0.464372,-0.0387988
-109.087,49.475,0.445489,-0.0425687
-108.89,49.3445,0.461574,-0.0226195
-108.704,49.2191,0.472064,-0.0188496
-108.533,49.1037,0.461574,-0.0212058
-108.351,48.9796,0.458777,-0.0179071
-108.171,48.857,0.451084,-0.00502656
-107.979,48.7261,0.455979,-0.0146084
-107.799,48.6041,0.448286,-0.00816816
-107.634,48.4915,0.455979,-0.0158651
-107.452,48.3674,0.458777,-0.0268607
-107.269,48.2421,0.458777,-0.0114668
-107.102,48.1273,0.461574,-0.00188496
-106.92,48.0027,0.461574,-0.00062832
-106.739,47.8793,0.443391,0.0047124
-106.545,47.7473,0.455979,0.00691152
-106.364,47.6251,0.448286,0.00722568
-106.198,47.5137,0.461574,0.00989604
-106.012,47.3902,0.464372,-0.00659736
-105.827,47.2684,0.458777,-0.0183784
-105.658,47.1571,0.458777,-0.0147655
-105.476,47.0357,0.448286,-0.00565488
-105.295,46.9159,0.453881,-0.0070686
-105.128,46.8048,0.461574,-0.00345576
-104.945,46.6837,0.453881,0.00094248
-104.762,46.5629,0.458777,0.00486948
-104.592,46.4509,0.46647,0.0127235
-104.407,46.3295,0.453881,0.021677
-104.226,46.212,0.445489,0.0193208
-104.027,46.0845,0.46647,0.00062832
-103.837,45.9629,0.46647,-0.0186925
-103.666,45.8527,0.451084,-0.0383275
-103.486,45.7363,0.437796,-0.0670732
-103.304,45.6149,0.472064,-0.0662878
-103.133,45.498,0.46647,-0.0639316
-102.953,45.3715,0.458777,-0.0260753
-102.773,45.243,0.464372,0.0161792
-102.607,45.1245,0.455979,0.0348718
-102.426,44.9969,0.458777,0.0375421
-102.243,44.8699,0.469267,0.0381704
-102.072,44.7533,0.461574,0.0398983
-101.889,44.6307,0.451084,0.0405266
-101.708,44.5131,0.448286,0.0405266
-101.54,44.4052,0.458777,0.0416262
-101.353,44.2883,0.461574,0.0644028
-101.163,44.1728,0.464372,0.0881219
-100.989,44.0708,0.455979,0.117653
-100.799,43.9644,0.461574,0.190067
-100.602,43.8629,0.458777,0.253841
-100.419,43.779,0.455979,0.254941
-100.215,43.6988,0.453881,0.254313
-100.011,43.6306,0.448286,0.235306
-99.8178,43.5765,0.46647,0.218655
-99.6011,43.5269,0.458777,0.192423
-99.3839,43.4872,0.461574,0.151896
-99.1849,43.4585,0.451084,0.137916
-98.9732,43.434,0.440594,0.0959759
-98.7603,43.4144,0.46647,0.0683298
-98.5545,43.3986,0.474862,0.0680156
-98.3246,43.3847,0.47696,0.0678586
-98.1001,43.3744,0.455979,0.0697435
-97.8647,43.3675,0.445489,0.104929
-97.6528,43.3657,0.445489,0.0991175
-97.4195,43.3687,0.458777,0.0703718
-97.198,43.3754,0.469267,0.0427258
-96.9914,43.3834,0.469267,0.043197
-96.7663,43.3939,0.46647,0.0436682
-96.5442,43.4064,0.455979,0.0306306
-96.3094,43.4218,0.451084,0.0226195
-96.0946,43.4369,0.448286,0.0221483
-95.8621,43.4545,0.455979,0.0106814
-95.6415,43.4721,0.464372,0.00109956
-95.4391,43.4885,0.455979,-0.019635
-95.2206,43.5058,0.453881,-0.0190067
-95.0043,43.5223,0.453881,-0.0169646
-94.8041,43.5372,0.458777,-0.011781
-94.5843,43.553,0.458777,-0.0139801
-94.3627,43.5686,0.461574,-0.007854
-94.1267,43.5847,0.455979,0.00219912
-93.909,43.5997,0.451084,-0.0015708
-93.6751,43.6161,0.458777,-0.0015708
-93.454,43.6318,0.474862,-0.00141372
-93.2473,43.6468,0.46647,-0.0070686
-93.0248,43.6631,0.458777,-0.00455532
-92.8081,43.6792,0.445489,-0.0383275
-92.5747,43.696,0.458777,-0.0265465
-92.3561,43.7108,0.455979,-0.0304735
-92.1552,43.7239,0.472064,-0.025447
-91.9307,43.7377,0.464372,-0.0265465
-91.7127,43.7502,0.451084,-0.0252899
-91.5124,43.7612,0.461574,-0.00659736
-91.2935,43.7728,0.451084,0.00973896
-91.0749,43.7847,0.461574,0.027489
-90.873,43.7968,0.451084,0.0267036
-90.6601,43.8111,0.451084,0.025604
-90.441,43.8271,0.46647,0.00612612
-90.2376,43.8425,0.461574,-0.00895356
-90.015,43.8597,0.461574,-0.00832524
-89.7968,43.8764,0.453881,-0.00691152
-89.5643,43.8944,0.458777,-0.00502656
-89.3454,43.9114,0.453881,-0.00848232
-89.1112,43.9297,0.455979,-0.0155509
-88.8912,43.9469,0.469267,-0.0204204
-88.6855,43.9625,0.469267,-0.0114668
-88.4616,43.9793,0.46647,-0.0171217
-88.2406,43.996,0.455979,-0.00204204
-88.0078,44.0136,0.455979,-0.00267036
-87.7901,44.0303,0.455979,0.00141372
-87.5541,44.0486,0.46647,-0.00267036
-87.331,44.0663,0.461574,0.00094248
-87.129,44.0827,0.458777,-0.0171217
-86.9128,44.1005,0.455979,-0.00973896
-86.691,44.1184,0.464372,-0.00958188
-86.4884,44.1347,0.453881,-0.00973896
-86.2698,44.1522,0.461574,-0.00769692
-86.0549,44.1692,0.440594,-0.00109956
-85.8207,44.1882,0.464372,-0.0113098
-85.5988,44.2063,0.461574,-0.0141372
-85.3945,44.2225,0.455979,-0.0172788
-85.1766,44.2395,0.458777,-0.0168076
-84.9588,44.2558,0.451084,-0.00832524
-84.7565,44.2707,0.458777,-0.0153938
-84.5387,44.2868,0.451084,-0.0150797
-84.321,44.3029,0.464372,-0.0130376
-84.1176,44.3175,0.464372,0.00848232
-83.8921,44.3336,0.469267,0.0113098
-83.671,44.3502,0.451084,0.00958188
-83.4697,44.3658,0.455979,0.00801108
-83.2492,44.3837,0.451084,0.00675444
-83.0329,44.402,0.451084,-0.0015708
-82.801,44.4221,0.445489,0.00125664
-82.5816,44.441,0.458777,-0.00612612
-82.38,44.4581,0.461574,-0.0100531
-82.1603,44.477,0.455979,-0.0204204
-81.942,44.4953,0.455979,-0.021677
-81.7411,44.5116,0.453881,-0.0183784
-81.5248,44.5289,0.451084,-0.0163363
-81.3096,44.5457,0.455979,-0.019635
-81.108,44.5609,0.464372,-0.0210487
-80.8877,44.577,0.464372,-0.0180642
-80.666,44.5927,0.464372,-0.0120952
-80.4638,44.6069,0.453881,-0.0122522
-80.2485,44.6219,0.458777,-0.0249757
-80.0287,44.6367,0.461574,-0.0248186
-79.8285,44.6494,0.455979,-0.0243474
-79.6054,44.663,0.451084,-0.0201062
-79.39,44.6757,0.455979,0
-79.1891,44.6878,0.461574,-0.00644028
-78.9642,44.7016,0.46647,-0.00581196
-78.7443,44.7152,0.445489,-0.00644028
-78.5116,44.7296,0.458777,-0.00644028
-78.2897,44.7433,0.464372,-0.00565488
-78.0853,44.756,0.464372,-0.00502656
-77.8621,44.7701,0.46647,-0.00424116
-77.6413,44.7843,0.455979,-0.00376992
-77.4411,44.7972,0.455979,-0.00534072
-77.2207,44.8114,0.464372,-0.00518364
-76.9983,44.8257,0.464372,-0.00329868
-76.7959,44.8386,0.455979,-0.00439824
-76.5776,44.8528,0.455979,-0.0171217
-76.3584,44.8668,0.458777,-0.0194779
-76.1569,44.8793,0.458777,-0.0179071
-75.9369,44.8924,0.455979,-0.0190067
-75.7178,44.9052,0.461574,-0.0185354
-75.5181,44.9165,0.458777,-0.00958188
-75.2996,44.9286,0.464372,-0.00753984
-75.077,44.941,0.46647,-0.007854
-74.8417,44.9543,0.448286,-0.00675444
-74.627,44.9664,0.451084,-0.00832524
-74.3938,44.9794,0.448286,-0.00848232
-74.1766,44.9915,0.453881,-0.00895356
-73.9741,45.0029,0.469267,-0.0086394
-73.7501,45.0153,0.464372,-0.00832524
-73.5294,45.0276,0.458777,-0.00848232
-73.3283,45.0391,0.455979,-0.0119381
-73.1105,45.0512,0.451084,-0.0119381
-72.8925,45.0634,0.455979,-0.0109956
-72.692,45.0744,0.455979,-0.00644028
-72.4698,45.0868,0.469267,-0.00439824
-72.2466,45.0993,0.451084,-0.00455532
-72.0468,45.1107,0.453881,-0.00691152
-71.8292,45.123,0.455979,-0.00832524
-71.6139,45.1352,0.453881,-0.00879648
-71.3801,45.1486,0.453881,-0.00282744
-71.1615,45.1612,0.458777,0.00219912
-70.9577,45.1734,0.461574,0.00125664
-70.7362,45.187,0.455979,-0.0113098
-70.5183,45.2004,0.451084,-0.0153938
-70.2837,45.2144,0.458777,-0.00109956
-70.066,45.2273,0.455979,-0.00612612
-69.8653,45.2395,0.461574,-0.00565488
-69.6449,45.2528,0.458777,-0.00455532
-69.4238,45.2661,0.464372,0.00219912
-69.2193,45.2786,0.464372,-0.00958188
-68.9996,45.2924,0.453881,-0.0210487
-68.7824,45.3055,0.451084,-0.00486948
-68.5482,45.3197,0.453881,-0.00408408
-68.3305,45.3332,0.455979,-0.00267036
-68.1288,45.3458,0.461574,0.00109956
-67.9104,45.3595,0.461574,0.00282744
-67.6897,45.3732,0.455979,0.00879648
-67.4537,45.3883,0.461574,0.00895356
-67.2328,45.4029,0.464372,0.00926772
-67.0297,45.4167,0.458777,0.00895356
-66.8104,45.4323,0.455979,0.00895356
-66.591,45.4482,0.461574,-0.00659736
-66.3885,45.4631,0.461574,-0.00565488
-66.1653,45.4793,0.472064,-0.00565488
-65.9428,45.4955,0.458777,-0.00282744
-65.7414,45.5102,0.458777,-0.00015708
-65.5213,45.5265,0.455979,-0.00015708
-65.3034,45.5428,0.451084,-0.00062832
-65.0684,45.5603,0.464372,-0.00062832
-64.8464,45.5767,0.464372,0.00455532
-64.6429,45.5917,0.461574,0.0168076
-64.4202,45.6087,0.464372,0.0172788
-64.2012,45.6263,0.458777,0.0174359
-63.9991,45.6434,0.464372,0.0119381
-63.7805,45.6626,0.451084,0.00455532
-63.5661,45.6817,0.453881,0.00486948
-63.3315,45.7031,0.453881,0.0031416
-63.1101,45.724,0.464372,0.00361284
-62.9067,45.7437,0.464372,-0.0183784
-62.6866,45.7648,0.458777,-0.0218341
-62.4712,45.7851,0.443391,-0.021677
-62.2391,45.8063,0.451084,-0.0213629
-62.0216,45.8257,0.464372,-0.0227766
-61.8168,45.8434,0.461574,-0.0227766
-61.5953,45.8617,0.461574,-0.0227766
-61.3791,45.8788,0.448286,-0.0218341
-61.1457,45.8963,0.458777,-0.00439824
-60.9243,45.9125,0.461574,-0.00047124
-60.7217,45.9276,0.453881,0.00565488
-60.5043,45.9441,0.458777,0.00534072
-60.2856,45.9613,0.455979,0.00219912
-60.0814,45.9778,0.469267,-0.0124093
-59.8593,45.9955,0.451084,-0.0125664
-59.6447,46.0125,0.453881,-0.0120952
-59.4447,46.0281,0.461574,-0.00581196
-59.2207,46.0454,0.472064,-0.003927
-58.9944,46.0631,0.472064,0.00518364
-58.7887,46.0794,0.453881,0.00612612
-58.5721,46.0966,0.451084,0.00581196
-58.3554,46.114,0.455979,0.00644028
-58.1555,46.1304,0.461574,0.0070686
-57.9353,46.1489,0.46647,0.0105244
-57.7115,46.1682,0.469267,0.0163363
-57.5047,46.1867,0.474862,0.0163363
-57.2813,46.2073,0.46647,0.0163363
-57.0624,46.2284,0.451084,0.0163363
-56.8632,46.2482,0.451084,0.0166505
-56.6475,46.2704,0.453881,0.0212058
-56.4272,46.2939,0.46647,0.00298452
-56.2236,46.3163,0.469267,-0.0174359
-56.0012,46.3405,0.455979,-0.0240332
-55.7839,46.3634,0.453881,-0.0287456
-55.5839,46.3837,0.453881,-0.023562
-55.3676,46.4049,0.455979,-0.0202633
-55.147,46.4257,0.453881,-0.0248186
-54.9476,46.4439,0.458777,-0.0223054
-54.7291,46.463,0.453881,-0.0197921
-54.5141,46.4812,0.455979,-0.0210487
-54.312,46.4978,0.458777,-0.0202633
-54.0918,46.5153,0.458777,-0.0174359
-53.8716,46.5322,0.461574,-0.0161792
-53.6691,46.5474,0.461574,-0.0130376
-53.4522,46.5635,0.445489,-0.0128806
-53.2371,46.5791,0.453881,-0.0152368
-53.0356,46.5934,0.464372,-0.0062832
-52.8138,46.6091,0.461574,-0.00565488
-52.5952,46.6246,0.453881,-0.00644028
-52.3601,46.6415,0.448286,-0.017593
-52.1433,46.6571,0.448286,-0.017593
-51.9431,46.6712,0.453881,-0.0362855
-51.7255,46.6859,0.453881,-0.0279602
-51.5037,46.6999,0.464372,0.0070686
-51.2997,46.7127,0.455979,0.00879648
-51.0819,46.7268,0.453881,0.0094248
-50.864,46.7415,0.455979,0.017593
-50.6626,46.7557,0.453881,0.00251328
-50.4424,46.7717,0.461574,-0.00141372
-50.2207,46.7881,0.461574,-0.00424116
-50.0181,46.803,0.464372,-0.00455532
-49.7964,46.8196,0.461574,-0.00486948
-49.5762,46.8364,0.455979,-0.00581196
-49.2637,46.8591,0.453881,-0.00895356
-49.0435,46.8758,0.464372,-0.00282744
-48.8362,46.8919,0.458777,0.00486948
-48.5784,46.9116,0.469267,0.00188496
-48.3728,46.9277,0.461574,-0.0146084
-48.1452,46.9454,0.455979,-0.0113098
-47.9234,46.9623,0.461574,-0.0146084
-47.7219,46.9774,0.458777,0.0113098
-47.5004,46.9941,0.469267,0.0102102
-47.2813,47.0113,0.455979,-0.00204204
-47.0467,47.0302,0.453881,-0.00581196
-46.8287,47.0477,0.458777,-0.00659736
-46.626,47.0641,0.46647,-0.0166505
-46.4028,47.0818,0.455979,-0.0172788
-46.1843,47.0987,0.453881,-0.00973896
-45.9498,47.1168,0.458777,-0.0015708
-45.7294,47.134,0.461574,-0.00801108
-45.5266,47.1501,0.453881,-0.0144514
-45.3113,47.1669,0.445489,-0.0158651
-45.0988,47.1831,0.443391,-0.0284315
-44.8629,47.2004,0.464372,-0.0185354
-44.6384,47.216,0.47696,-0.0149226
-44.4311,47.2302,0.455979,-0.0120952
-44.2104,47.2449,0.453881,-0.0100531
-43.9941,47.259,0.451084,-0.00973896
-43.7596,47.2742,0.455979,-0.0124093
-43.5395,47.288,0.46647,-0.0102102
-43.3364,47.3006,0.461574,-0.00612612
-43.1149,47.3144,0.464372,-0.00722568
-42.8931,47.3281,0.461574,-0.0141372
-42.6903,47.3405,0.461574,-0.0213629
-42.4734,47.3533,0.445489,-0.0241903
-42.2555,47.3654,0.458777,-0.0238762
-42.0554,47.3757,0.461574,-0.0094248
-41.8334,47.3868,0.464372,-0.00172788
-41.614,47.398,0.455979,-0.003927
-41.3789,47.4099,0.453881,-0.00486948
-41.1615,47.4208,0.453881,-0.00989604
-40.9248,47.4324,0.464372,-0.0100531
-40.6985,47.443,0.474862,-0.00989604
-40.4919,47.4526,0.455979,-0.00973896
-40.274,47.4627,0.448286,-0.00973896
-40.0595,47.4723,0.448286,-0.0224624
-39.8241,47.4824,0.453881,-0.0345576
-39.6025,47.4905,0.461574,-0.0458674
-39.3986,47.4966,0.461574,-0.0395842
-39.1755,47.5016,0.464372,-0.0359713
-38.9538,47.5053,0.455979,-0.0296881
-38.7509,47.5076,0.453881,-0.013666
-38.5309,47.5093,0.46647,-0.013823
-38.3067,47.5105,0.455979,-0.0141372
-38.1056,47.5112,0.455979,-0.0131947
-37.8872,47.5119,0.458777,-0.0130376
-37.665,47.5125,0.46647,-0.031416
-37.4592,47.5124,0.458777,-0.0339293
-37.2415,47.5111,0.445489,-0.0337722
-37.0273,47.5086,0.451084,-0.0543497
-36.8266,47.5048,0.453881,-0.0494802
-36.6079,47.4986,0.455979,-0.0347147
-36.3859,47.4909,0.453881,-0.0124093
-36.1851,47.4835,0.455979,-0.0125664
-35.9668,47.4752,0.461574,-0.0146084
-35.749,47.4666,0.448286,-0.0180642
-35.5155,47.457,0.455979,-0.0204204
-35.2948,47.4474,0.464372,-0.0194779
-35.0918,47.4383,0.455979,-0.0141372
-34.872,47.4284,0.451084,-0.019635
-34.6534,47.4181,0.464372,-0.03927
-34.4493,47.4075,0.469267,-0.00125664
-34.2243,47.3951,0.451084,0.00329868
-34.0074,47.3831,0.451084,0.0031416
-33.8073,47.373,0.453881,-0.00267036
-33.5889,47.3623,0.455979,-0.0109956
-33.3672,47.3512,0.464372,-0.0114668
-33.1644,47.341,0.455979,-0.011781
-32.9489,47.3301,0.443391,-0.0114668
-32.7346,47.3189,0.453881,-0.0128806
-32.4987,47.3066,0.461574,-0.0102102
-32.2802,47.2951,0.451084,-0.00989604
-32.0791,47.2845,0.464372,-0.0100531
-31.8554,47.2725,0.464372,-0.0139801
-31.6342,47.2604,0.453881,-0.0150797
-31.4016,47.2475,0.445489,-0.00958188
-31.1853,47.2354,0.464372,-0.007854
-30.9808,47.2241,0.469267,-0.00376992
-30.7564,47.2118,0.464372,-0.00801108
-30.5378,47.1997,0.451084,-0.00973896
-30.3043,47.1867,0.453881,-0.00832524
-30.0856,47.1742,0.455979,-0.0116239
-29.8851,47.1628,0.464372,-0.011781
-29.6617,47.1499,0.469267,-0.011781
-29.4408,47.1371,0.461574,-0.011781
-29.2398,47.1252,0.453881,-0.0208916
-29.021,47.1119,0.453881,-0.015708
-28.8043,47.0982,0.451084,0.00801108
-28.6036,47.0858,0.461574,0.0122522
-28.383,47.0731,0.453881,0.0124093
-28.1653,47.0614,0.455979,0.0108385
-27.9644,47.0514,0.458777,0.00801108
-27.7444,47.0413,0.458777,0.00502656
-27.5233,47.0315,0.461574,-0.00722568
-27.3207,47.0226,0.453881,-0.00675444
-27.1016,47.0129,0.46647,-0.00267036
-26.8791,47.0033,0.461574,0.00047124
-26.6783,46.9949,0.461574,-0.0015708
-26.4595,46.9858,0.448286,-0.0116239
-26.2421,46.9766,0.458777,-0.0402125
-26.0408,46.9673,0.458777,-0.0417833
-25.8179,46.9555,0.46647,-0.0659736
-25.5982,46.9417,0.458777,-0.0642457
-25.3979,46.9268,0.453881,-0.05702
-25.1816,46.9086,0.455979,-0.0515222
-24.9625,46.8882,0.461574,-0.0369138
-24.7622,46.8683,0.458777,-0.0329868
-24.5439,46.8455,0.455979,-0.0168076
-24.3261,46.8223,0.461574,-0.029374
-24.1256,46.8005,0.455979,-0.0328297
-23.9106,46.776,0.451084,-0.0362855
-23.6924,46.7497,0.458777,-0.037228
-23.4919,46.7244,0.46647,-0.037385
-23.271,46.6951,0.458777,-0.0342434
-23.0521,46.6649,0.461574,-0.0380134
-22.8505,46.636,0.461574,-0.0420974
-22.6329,46.6033,0.445489,-0.0689581
-22.4223,46.5693,0.445489,-0.103359
-22.1926,46.5283,0.458777,-0.107914
-21.9754,46.4848,0.464372,-0.12158
-21.7753,46.4404,0.46647,-0.121266
-21.561,46.3878,0.451084,-0.118595
-21.352,46.3311,0.445489,-0.167761
-21.129,46.2639,0.451084,-0.186454
-20.9227,46.1927,0.458777,-0.191166
-20.7341,46.1202,0.453881,-0.206403
-20.5325,46.0335,0.461574,-0.195565
-20.3341,45.9386,0.461574,-0.15818
-20.1544,45.8454,0.453881,-0.113569
-19.9631,45.7407,0.453881,-0.101631
-19.7742,45.6324,0.453881,-0.0936197
-19.602,45.5296,0.458777,-0.118595
-19.415,45.4132,0.461574,-0.147969
-19.2298,45.2916,0.461574,-0.152368
-19.0643,45.1762,0.455979,-0.135403
-18.8882,45.0463,0.455979,-0.122679
-18.7162,44.9133,0.453881,-0.105401
-18.5325,44.7648,0.451084,-0.0945622
-18.3649,44.6244,0.458777,-0.096133
-18.2125,44.4928,0.455979,-0.0881219
-18.0487,44.3469,0.443391,-0.0435112
-17.8905,44.2029,0.453881,-0.0441395
-17.7428,44.0663,0.472064,-0.0267036
-17.5783,43.9124,0.46647,0.00204204
-17.4155,43.7601,0.458777,0.0212058
-17.2428,43.5994,0.461574,0.0267036
-17.0803,43.4507,0.453881,0.0323585
-16.9071,43.2948,0.448286,0.0086394
-16.7442,43.1496,0.469267,0.00848232
-16.5902,43.0129,0.47696,-0.00848232
-16.4212,42.8629,0.458777,0.00738276
-16.2553,42.7165,0.451084,0.00769692
-16.1022,42.5819,0.451084,0.0119381
-15.9413,42.4403,0.445489,-0.0268607
-15.7819,42.2999,0.443391,-0.0526218
-15.6087,42.1438,0.453881,-0.0626749
-15.4442,41.9922,0.479757,-0.0292169
-15.2927,41.8507,0.448286,-0.0571771
-15.132,41.6994,0.458777,-0.06079
-14.9719,41.5445,0.472064,-0.0556063
-14.8293,41.4034,0.448286,-0.0436682
-14.6765,41.2505,0.434999,-0.0461815
-14.5262,41.0978,0.455979,-0.0629891
-14.3609,40.9277,0.472064,-0.100688
-14.2076,40.7645,0.455979,-0.102102
-14.0733,40.6161,0.451084,-0.112783
-13.9301,40.4518,0.458777,-0.122208
-13.7892,40.2824,0.451084,-0.149854
-13.6442,40.0976,0.448286,-0.169489
-13.5131,39.9191,0.474862,-0.166034
-13.3962,39.7494,0.461574,-0.163049
-13.2779,39.5657,0.451084,-0.156295
-13.1647,39.3784,0.445489,-0.252113
-13.0532,39.176,0.443391,-0.237034
-12.9593,38.9832,0.453881,-0.191638
-12.8787,38.8,0.455979,-0.190852
-12.7973,38.5965,0.455979,-0.186611
-12.7227,38.3868,0.461574,-0.17483
-12.6515,38.1626,0.451084,-0.15708
-12.5929,37.9558,0.451084,-0.123622
-12.5337,37.7262,0.474862,-0.116082
-12.4814,37.5075,0.46647,-0.115297
-12.438,37.3073,0.461574,-0.11514
-12.395,37.0882,0.472064,-0.11671
-12.3557,36.8632,0.482555,-0.121894
-12.324,36.6564,0.464372,-0.117339
-12.2948,36.4369,0.458777,-0.113412
-12.2703,36.2176,0.461574,-0.108385
-12.2514,36.0122,0.469267,-0.106343
-12.235,35.7901,0.453881,-0.0878077
-12.2225,35.5726,0.46647,-0.0763409
-12.2133,35.3673,0.458777,-0.0717856
-12.2063,35.1458,0.464372,-0.0582767
-12.202,34.9243,0.461574,-0.0562346
-12.1996,34.7241,0.458777,-0.0527789
-12.1989,34.5055,0.458777,-0.0538784
-12.2004,34.2849,0.461574,-0.0497944
-12.2033,34.0818,0.453881,-0.0455532
-12.2079,33.8632,0.464372,-0.0416262
-12.2143,33.6387,0.469267,-0.02152
-12.2209,33.4356,0.448286,-0.0106814
-12.2281,33.2129,0.46647,-0.0100531
-12.2354,32.9896,0.461574,-0.0023562
-12.2424,32.786,0.458777,0.0102102
-12.2491,32.5665,0.455979,0.00361284
-12.255,32.3472,0.461574,-0.00219912
-12.26,32.1465,0.453881,-0.0416262
-12.2658,31.9301,0.455979,-0.0532501
-12.2731,31.7122,0.458777,-0.0538784
-12.2818,31.5094,0.46647,-0.0556063
-12.2931,31.2887,0.453881,-0.0238762
-12.3054,31.0706,0.453881,-0.0152368
-12.3189,30.8354,0.451084,-0.0109956
-12.3312,30.6182,0.46647,-0.0223054
-12.3431,30.4153,0.455979,-0.0221483
-12.3569,30.1953,0.464372,-0.0174359
-12.3711,29.9757,0.461574,-0.0168076
-12.3845,29.7732,0.458777,-0.0171217
-12.3993,29.5543,0.455979,-0.0127235
-12.4143,29.3357,0.458777,-0.00219912
-12.4278,29.133,0.464372,-0.0120952
-12.4424,28.9109,0.455979,0.0007854
-12.4564,28.6921,0.464372,0.00047124
-12.4688,28.4894,0.458777,-0.00109956
-12.4814,28.269,0.455979,-0.00141372
-12.4934,28.0495,0.458777,-0.0125664
-12.5043,27.8482,0.451084,-0.0120952
-12.5161,27.6319,0.451084,-0.0119381
-12.528,27.4109,0.46647,-0.0128806
-12.5389,27.2071,0.458777,-0.0122522
-12.5502,26.9878,0.445489,-0.0128806
-12.5613,26.7748,0.437796,-0.0139801
-12.5735,26.5437,0.469267,-0.0047124
-12.5854,26.3201,0.46647,0.00439824
-12.596,26.1156,0.46647,0.00486948
-12.607,25.8963,0.451084,0.00439824
-12.6174,25.6771,0.453881,0.00455532
-12.6264,25.4761,0.461574,0.00753984
-12.6358,25.2541,0.461574,0.0070686
-12.6445,25.0366,0.451084,0.00612612
-12.6522,24.8346,0.458777,0.0070686
-12.66,24.6175,0.445489,0.0119381
-12.6671,24.3945,0.469267,0.011781
-12.6729,24.1897,0.464372,0.00486948
-12.6785,23.9673,0.455979,0.00534072
-12.6837,23.7497,0.437796,0.00534072
-12.6887,23.52,0.453881,-0.00062832
-12.6931,23.3004,0.46647,-0.0127235
-12.6975,23.0949,0.461574,-0.0122522
-12.7025,22.8704,0.469267,-0.0119381
-12.7076,22.6483,0.453881,-0.00801108
-12.7132,22.4149,0.453881,-0.00848232
-12.7186,22.1964,0.458777,-0.0153938
-12.7245,21.9616,0.458777,-0.0114668
-12.7305,21.7418,0.458777,0.0054978
-12.7361,21.539,0.461574,0.00895356
-12.7418,21.3137,0.472064,0.0153938
-12.747,21.0898,0.440594,0.015708
-12.7517,20.8594,0.455979,0.0146084
-12.7554,20.6404,0.461574,0.013823
-12.7583,20.4365,0.455979,0.00219912
-12.761,20.2163,0.46647,-0.0054978
-12.7636,19.9932,0.453881,-0.00675444
-12.766,19.7932,0.453881,-0.0160222
-12.769,19.5757,0.453881,-0.0023562
-12.7723,19.3564,0.455979,-0.00376992
-12.7753,19.1532,0.46647,-0.0031416
-12.7787,18.9278,0.469267,-0.00329868
-12.782,18.705,0.455979,-0.00329868
-12.7854,18.4717,0.443391,-0.0031416
-12.7886,18.2535,0.461574,0.0122522
-12.7914,18.0494,0.474862,0.0317302
-12.7932,17.8225,0.461574,0.0317302
-12.7931,17.602,0.453881,0.0130376
-12.7921,17.3703,0.461574,-0.00015708
-12.7906,17.1492,0.464372,0.00675444
-12.7891,16.9412,0.469267,0.00848232
-12.7868,16.7197,0.448286,0.00879648
-12.784,16.506,0.451084,0.0114668
-12.7803,16.2701,0.46647,0.0161792
-12.7759,16.0455,0.469267,0.0161792
-12.7709,15.8394,0.464372,0.0226195
-12.7648,15.6182,0.461574,0.0447678
-12.7569,15.397,0.458777,0.0708431
-12.7469,15.1963,0.453881,0.114511
-12.7317,14.9778,0.458777,0.115297
-12.7106,14.7566,0.464372,0.115297
-12.6822,14.5238,0.448286,0.137445
-12.65,14.3089,0.458777,0.165248
-12.6131,14.1099,0.451084,0.166819
-12.566,13.898,0.451084,0.166662
-12.511,13.6882,0.455979,0.166505
-12.4526,13.4936,0.46647,0.179228
-12.3808,13.2821,0.464372,0.19525
-12.301,13.0736,0.464372,0.199649
-12.2198,12.8869,0.458777,0.199492
-12.1256,12.693,0.448286,0.199335
-12.0229,12.5019,0.464372,0.199335
-11.9188,12.3267,0.461574,0.19902
-11.7985,12.1428,0.453881,0.19902
-11.6727,11.9672,0.451084,0.197764
-11.5277,11.7824,0.464372,0.191009
-11.3814,11.6122,0.472064,0.190538
-11.2419,11.4629,0.453881,0.190538
-11.0867,11.31,0.453881,0.173259
-10.926,11.164,0.455979,0.165719
-10.7733,11.0347,0.448286,0.161164
-10.603,10.8996,0.453881,0.167133
-10.4263,10.7688,0.464372,0.166819
-10.2589,10.6533,0.455979,0.16085
-10.073,10.5341,0.46647,0.124407
-9.8856,10.4222,0.455979,0.0926772
-9.71008,10.3227,0.458777,0.0813674
-9.51771,10.2176,0.453881,0.0640886
-9.32647,10.1169,0.451084,0.060947
-9.14796,10.025,0.461574,0.0680156
-8.9464,9.92437,0.479757,0.0670732
-8.73855,9.82442,0.479757,0.0611041
-8.5556,9.73881,0.458777,0.0367567
-8.35634,9.64747,0.448286,0.0317302
-8.16205,9.55948,0.448286,0.0317302
-7.94621,9.46326,0.46647,0.0312589
-7.74296,9.37453,0.448286,0.0322014
-7.5272,9.2827,0.455979,0.0422545
-7.32307,9.19784,0.469267,0.0409979
-7.13354,9.12066,0.458777,0.0414691
-6.9294,9.03973,0.464372,0.0532501
-6.72026,8.95958,0.445489,0.0535643
-6.50241,8.87936,0.448286,0.0482236
-6.29754,8.80662,0.461574,0.0501085
-6.10386,8.74003,0.46647,0.0494802
-5.89181,8.66941,0.458777,0.017593
-5.68382,8.60174,0.445489,0.0144514
-5.46547,8.53193,0.461574,0.0191638
-5.25238,8.46449,0.472064,0.0193208
-5.05692,8.40329,0.472064,0.0197921
-4.84435,8.33736,0.448286,0.0243474
-4.63671,8.27416,0.455979,0.0201062
-4.44367,8.21674,0.453881,0.0265465
-4.23255,8.15472,0.464372,0.0282744
-4.02793,8.09595,0.443391,0.0287456
-3.80172,8.03246,0.458777,0.0395842
-3.58411,7.97304,0.458777,0.0362855
-3.38441,7.92064,0.455979,0.00361284
-3.16661,7.86486,0.479757,-0.007854
-2.95467,7.80988,0.451084,-0.033301
-2.75907,7.75871,0.453881,-0.0400554
-2.54974,7.70283,0.451084,-0.0479094
-2.34279,7.64566,0.445489,-0.047124
-2.15009,7.59064,0.461574,-0.0475952
-1.9388,7.52823,0.46647,-0.051051
-1.72562,7.46297,0.46647,-0.0579625
-1.52921,7.40067,0.455979,-0.0620466
-1.32219,7.33226,0.448286,-0.0645599
-1.11607,7.26101,0.461574,-0.0669161
-0.925595,7.19262,0.458777,-0.0724139
-0.720926,7.11602,0.461574,-0.0735134
-0.514793,7.03526,0.461574,-0.0964471
-0.326263,6.95762,0.458777,-0.132261
-0.124463,6.86892,0.458777,-0.129905
0.0764114,6.77436,0.453881,-0.126606
0.256243,6.6845,0.461574,-0.107286
0.450682,6.58181,0.453881,-0.0975467
0.642979,6.4753,0.461574,-0.092206
0.818039,6.37398,0.455979,-0.104772
1.00556,6.26065,0.464372,-0.105558
1.19259,6.14238,0.458777,-0.105244
1.38764,6.01341,0.437796,-0.104929
1.56074,5.89396,0.440594,-0.118124
1.74764,5.75891,0.455979,-0.153938
1.92395,5.62377,0.47696,-0.173102
2.08589,5.49055,0.458777,-0.172631
2.24941,5.34572,0.443391,-0.167761
2.40555,5.19892,0.453881,-0.151425
2.57162,5.03275,0.458777,-0.150797
2.71988,4.87578,0.453881,-0.14954
2.85487,4.72478,0.461574,-0.137916
2.9988,4.55462,0.461574,-0.137916
3.14009,4.37737,0.485352,-0.137916
3.26549,4.21076,0.461574,-0.137916
3.39134,4.03422,0.443391,-0.137288
3.51059,3.85702,0.445489,-0.136974
3.63614,3.6584,0.458777,-0.13666
3.74765,3.4705,0.451084,-0.133518
3.84558,3.29533,0.458777,-0.132733
3.94878,3.0996,0.464372,-0.120952
4.0472,2.90115,0.458777,-0.120166
4.13266,2.71896,0.443391,-0.12048
4.21889,2.52449,0.440594,-0.11027
4.30232,2.32504,0.469267,-0.101317
4.37813,2.13341,0.469267,-0.0973896
4.45691,1.92289,0.464372,-0.0975467
4.53089,1.71366,0.458777,-0.0975467
4.59431,1.52359,0.448286,-0.0997458
4.65929,1.31745,0.453881,-0.101002
4.72073,1.10939,0.458777,-0.0988033
4.77471,0.913862,0.469267,-0.0977038
4.83099,0.695706,0.472064,-0.0978608
4.88362,0.475431,0.46647,-0.0973896
4.92732,0.276225,0.453881,-0.0973896
4.96992,0.0647972,0.451084,-0.0973896
5.00922,-0.149208,0.461574,-0.0973896
5.04271,-0.350732,0.472064,-0.0975467
5.07547,-0.572632,0.451084,-0.0926772
5.10328,-0.788122,0.451084,-0.0834095
5.12963,-1.02076,0.451084,-0.0837236
5.1508,-1.23845,0.461574,-0.0821528
5.16764,-1.44278,0.46647,-0.0772834
5.18302,-1.66576,0.464372,-0.0755555
5.19517,-1.88468,0.451084,-0.0708431
5.20372,-2.08517,0.461574,-0.052936
5.21088,-2.31229,0.472064,-0.0419404
5.21629,-2.5312,0.440594,-0.0433541
5.22049,-2.75661,0.430103,-0.0416262
5.22312,-2.96833,0.464372,-0.0361284
5.2249,-3.17469,0.464372,-0.0279602
5.2262,-3.3981,0.461574,0.00172788
5.22764,-3.61739,0.451084,0.00062832
5.22912,-3.84664,0.424508,-0.00015708
5.2307,-4.06237,0.46647,0
5.23262,-4.26805,0.46647,0.00062832
5.23519,-4.49359,0.461574,-0.0007854
5.23837,-4.71462,0.455979,-0.00015708
5.24227,-4.94981,0.448286,0.00125664
5.24625,-5.16371,0.445489,0.00109956
5.25138,-5.3985,0.46647,0.00109956
5.25697,-5.62328,0.472064,0.00109956
5.26241,-5.83079,0.455979,-0.0047124
5.26839,-6.04806,0.445489,-0.102102
5.2716,-6.26318,0.458777,-0.24206
5.26642,-6.46707,0.46647,-0.345105
5.24642,-6.68998,0.464372,-0.345105
5.21112,-6.90883,0.458777,-0.344948
5.1645,-7.10544,0.453881,-0.342749
5.0996,-7.31328,0.453881,-0.338193
5.02132,-7.51402,0.451084,-0.336151
4.92007,-7.72738,0.472064,-0.346518
4.80764,-7.92383,0.464372,-0.427572
4.69214,-8.09212,0.458777,-0.448306
4.55364,-8.25877,0.455979,-0.448306
4.39639,-8.41499,0.46647,-0.448463
4.23794,-8.54511,0.46647,-0.448463
4.0529,-8.67005,0.461574,-0.448306
3.86036,-8.7748,0.455979,-0.447992
3.6752,-8.85399,0.47696,-0.405423
3.46257,-8.92316,0.461574,-0.324213
3.248,-8.97475,0.455979,-0.277403
3.01854,-9.01526,0.445489,-0.263737
2.80573,-9.04087,0.451084,-0.238605
2.60187,-9.05482,0.472064,-0.147969
2.37663,-9.06215,0.461574,-0.131319
2.15711,-9.06298,0.448286,-0.133989
1.92399,-9.05817,0.448286,-0.125978
1.70735,-9.04765,0.458777,-0.112941
1.50404,-9.03367,0.464372,-0.104458
1.2843,-9.01463,0.455979,-0.0695864
1.06878,-8.993,0.451084,-0.0695864
0.835012,-8.96749,0.455979,-0.066759
0.616293,-8.9412,0.458777,-0.0541926
0.415714,-8.91545,0.458777,-0.051051
0.200274,-8.88635,0.451084,-0.0174359
-0.0153537,-8.85666,0.458777,-0.00581196
-0.216517,-8.82943,0.453881,-0.00534072
-0.433253,-8.80035,0.455979,0.00408408
-0.654538,-8.7711,0.472064,0.0166505
-0.858331,-8.74524,0.464372,0.0169646
-1.07655,-8.71885,0.445489,0.00958188
-1.28899,-8.69415,0.445489,0.00958188
-1.48777,-8.67181,0.461574,0.0185354
-1.70726,-8.64823,0.461574,0.0174359
-1.92775,-8.62597,0.458777,0.0168076
-2.12784,-8.60675,0.453881,0.0158651
-2.34429,-8.58707,0.451084,0.0249757
-2.56021,-8.5689,0.453881,0.126606
-2.76079,-8.55554,0.458777,0.215043
-2.98167,-8.54995,0.461574,0.213786
-3.20283,-8.5554,0.458777,0.181113
-3.4368,-8.57109,0.448286,0.137916
-3.65298,-8.59311,0.458777,0.101002
-3.85217,-8.61855,0.453881,0.00596904
-4.06985,-8.64836,0.46647,-0.0287456
-4.2916,-8.67761,0.455979,-0.0284315
-4.49136,-8.70301,0.455979,-0.0344005
-4.70447,-8.72941,0.445489,-0.0793254
-4.92225,-8.75393,0.469267,-0.098175
-5.12555,-8.77314,0.458777,-0.104929
-5.34612,-8.78973,0.464372,-0.0918918
-5.5693,-8.80176,0.464372,-0.0911064
-5.77177,-8.80907,0.453881,-0.0892214
-5.98825,-8.81347,0.455979,-0.0782258
-6.20623,-8.81472,0.453881,-0.076498
-6.44166,-8.81302,0.453881,0.0378563
-6.66285,-8.8111,0.46647,0.226824
-6.86731,-8.81624,0.464372,0.308191
-7.08694,-8.83699,0.443391,0.338193
-7.29572,-8.87209,0.461574,0.399454
-7.49203,-8.92114,0.46647,0.448778
-7.70008,-8.99438,0.445489,0.462286
-7.89659,-9.08688,0.455979,0.462286
-8.06818,-9.19001,0.453881,0.465585
-8.24423,-9.32042,0.458777,0.476267
-8.4062,-9.46934,0.458777,0.478309
-8.54087,-9.62169,0.455979,0.497001
-8.66903,-9.80181,0.448286,0.51428
-8.77341,-9.99014,0.448286,0.516322
-8.85937,-10.2029,0.458777,0.516322
-8.91565,-10.4143,0.455979,0.507368
-8.94548,-10.614,0.46647,0.454118
-8.95599,-10.8399,0.445489,0.396313
-8.94733,-11.051,0.458777,0.384061
-8.91699,-11.2846,0.455979,0.37872
-8.8692,-11.4998,0.461574,0.372908
-8.80964,-11.6936,0.469267,0.373065
-8.72897,-11.8978,0.453881,0.374165
-8.63141,-12.0953,0.455979,0.386888
-8.52668,-12.2698,0.472064,0.394114
-8.39275,-12.4552,0.47696,0.399297
-8.25125,-12.6201,0.455979,0.390815
-8.10511,-12.7641,0.469267,0.389715
-7.93415,-12.9063,0.458777,0.37872
-7.75185,-13.0335,0.469267,0.359713
-7.57542,-13.1371,0.46647,0.318715
-7.37583,-13.2349,0.490248,0.218184
-7.16349,-13.3221,0.461574,0.203104
-6.97379,-13.391,0.451084,0.186611
-6.76413,-13.4579,0.46647,0.173259
-6.55417,-13.5163,0.448286,0.172631
-6.33141,-13.5711,0.451084,0.16839
-6.11764,-13.6168,0.47696,0.141529
-5.9124,-13.6543,0.472064,0.12912
-5.69001,-13.6887,0.469267,0.103516
-5.46736,-13.7182,0.464372,0.0736705
-5.26745,-13.7421,0.451084,0.0639316
-5.05025,-13.7653,0.458777,0.0639316
-4.83155,-13.7864,0.458777,0.0634603
-4.62964,-13.8038,0.46647,0.06079
-4.4075,-13.8208,0.455979,0.05702
-4.18634,-13.8355,0.472064,0.05702
-3.97775,-13.8474,0.479757,0.0519935
-3.74871,-13.8579,0.472064,0.0494802
-3.52481,-13.8659,0.455979,0.051051
-3.29171,-13.8721,0.448286,0.0444536
-3.07742,-13.8759,0.451084,0.0245045
-2.84172,-13.8791,0.464372,0.0245045
-2.61615,-13.8811,0.469267,0.0248186
-2.40995,-13.8821,0.46647,0.0248186
-2.18727,-13.882,0.46647,-0.00251328
-1.9611,-13.8813,0.469267,-0.0384846
-1.75514,-13.8821,0.458777,-0.0384846
-1.53583,-13.8845,0.453881,-0.0384846
-1.31812,-13.8881,0.455979,-0.037228
-1.11608,-13.8929,0.469267,-0.0356572
-0.89319,-13.8997,0.461574,-0.0325156
-0.670811,-13.9078,0.464372,-0.0259182
-0.469496,-13.9164,0.461574,-0.0257611
-0.250942,-13.9269,0.455979,-0.0249757
-0.0334532,-13.9384,0.445489,-0.0249757
0.200236,-13.952,0.455979,-0.02152
0.419073,-13.9658,0.461574,-0.00172788
0.624192,-13.9793,0.474862,0.0384846
0.853419,-13.9931,0.474862,0.0887502
1.07548,-14.0034,0.440594,0.0887502
1.30462,-14.0092,0.437796,0.088279
1.51549,-14.0109,0.448286,0.0878077
1.75077,-14.0083,0.46647,0.0878077
1.97486,-14.0007,0.46647,0.0867082
2.17956,-13.9898,0.464372,0.103044
2.39641,-13.974,0.440594,0.159436
2.60293,-13.9531,0.434999,0.244731
2.83328,-13.9185,0.46647,0.287299
3.05292,-13.8704,0.474862,0.287456
3.25333,-13.8131,0.469267,0.316359
3.46618,-13.7367,0.464372,0.316045
3.66276,-13.6499,0.448286,0.304264
3.86815,-13.5415,0.440594,0.333481
4.04869,-13.4287,0.443391,0.356414
4.23654,-13.2892,0.464372,0.356414
4.40324,-13.1423,0.464372,0.355786
4.5443,-12.9977,0.448286,0.334737
4.6845,-12.8303,0.453881,0.285729
4.81202,-12.6558,0.448286,0.246144
4.93834,-12.46,0.448286,0.246144
5.047,-12.2707,0.464372,0.245673
5.1387,-12.0888,0.461574,0.241589
5.22691,-11.8887,0.448286,0.215671
5.30365,-11.6893,0.440594,0.191323
5.37849,-11.4683,0.464372,0.165562
5.44194,-11.2533,0.46647,0.155509
5.49337,-11.0551,0.453881,0.149383
5.54115,-10.8437,0.445489,0.14687
5.5824,-10.6326,0.451084,0.138387
5.62067,-10.4004,0.455979,0.15708
5.64933,-10.1823,0.461574,0.221483
5.6674,-9.98243,0.458777,0.230279
5.67648,-9.76054,0.469267,0.228237
5.67493,-9.53734,0.458777,0.195879
5.66482,-9.33599,0.453881,0.132576
5.64685,-9.1185,0.453881,0.019635
5.62623,-8.9039,0.445489,-0.0188496
5.60763,-8.70475,0.464372,-0.0183784
5.5874,-8.4835,0.46647,-0.0114668
5.56726,-8.25723,0.482555,-0.054978
5.55053,-8.04598,0.453881,-0.0651882
5.53655,-7.83076,0.432901,-0.0527789
5.52566,-7.62584,0.434999,-0.0523076
5.51546,-7.39465,0.464372,-0.0322014
5.50735,-7.16898,0.472064,-0.00219912
5.5,-6.95931,0.474862,-0.00424116
5.49232,-6.73314,0.46647,-0.00455532
5.48485,-6.51081,0.455979,-0.00486948
5.47736,-6.27902,0.430103,0.00172788
5.47048,-6.06535,0.455979,0.0070686
5.46364,-5.86209,0.46647,-0.0113098
5.45607,-5.63584,0.485352,-0.0152368
5.44897,-5.40374,0.482555,-0.0105244
5.44303,-5.19622,0.474862,-0.0221483
5.43695,-4.96928,0.46647,-0.0180642
5.43172,-4.74581,0.46647,-0.0278032
5.42811,-4.54467,0.448286,-0.0262324
5.42553,-4.33895,0.427306,-0.0237191
5.42379,-4.12585,0.455979,-0.0230908
5.4226,-3.88917,0.46647,-0.0218341
5.4224,-3.65918,0.469267,-0.0172788
5.42306,-3.45437,0.453881,-0.00926772
5.4242,-3.23761,0.445489,-0.00408408
5.4256,-3.02697,0.440594,-0.00455532
5.42701,-2.79356,0.458777,0.0135089
5.42804,-2.57308,0.458777,0.0171217
5.42803,-2.37116,0.448286,0.0171217
5.42723,-2.15637,0.445489,0.0188496
5.42536,-1.9362,0.474862,0.0383275
5.42212,-1.72769,0.469267,0.0398983
5.41678,-1.50561,0.453881,0.0398983
5.4097,-1.29071,0.440594,0.0398983
5.39996,-1.06032,0.443391,0.0461815
5.38859,-0.845038,0.455979,0.0460244
5.37581,-0.643317,0.461574,0.0870223
5.35842,-0.422875,0.453881,0.144828
5.3355,-0.206725,0.451084,0.149854
5.30271,0.024079,0.451084,0.170589
5.26459,0.238616,0.458777,0.204675
5.22028,0.440247,0.472064,0.216142
5.16224,0.657209,0.464372,0.2152
5.09542,0.867589,0.448286,0.208759
5.01456,1.08601,0.455979,0.179228
4.92891,1.2896,0.461574,0.162264
4.84364,1.47391,0.461574,0.150483
4.74412,1.67216,0.461574,0.145142
4.63742,1.86856,0.458777,0.141215
4.53629,2.0422,0.448286,0.138702
4.42175,2.22646,0.455979,0.165719
4.29861,2.41093,0.464372,0.181742
4.17887,2.57642,0.458777,0.180799
4.04358,2.74912,0.451084,0.180642
3.90442,2.91348,0.445489,0.180485
3.74662,3.0856,0.455979,0.176087
3.59195,3.2414,0.461574,0.146556
3.44314,3.38137,0.464372,0.139016
3.27677,3.52853,0.461574,0.144671
3.07677,3.71853,0.461574,0.144671
2.87,3.92853,0.461574,0.144671
2.67,4.1,0.461574,0.144671
2.47,4.3,0.461574,0.144671
2.27,4.5,0.461574,0.144671
2.07,4.7,0.461574,0.144671
1.87,4.9,0.461574,0.144671
1.67,5.1,0.461574,0.144671
1.47,5.3,0.461574,0.144671
1.27,5.5,0.461574,0.144671
1.07,5.7,0.461574,0.144671
0.87,5.9,0.461574,0.144671
0.67,6.1,0.461574,0.144671
0.47,6.3,0.461574,0.144671
0.27,6.5,0.461574,0.144671
0.07,6.7,0.461574,0.144671
-0.13,6.9,0.461574,0.144671
-0.33,7.1,0.461574,0.144671
-0.53,7.2,0.461574,0.144671
-0.73,7.3,0.461574,0.144671
-0.93,7.4,0.461574,0.144671
-1.13,7.5,0.461574,0.144671
-1.33,7.6,0.461574,0.144671
-1.53,7.7,0.461574,0.144671
-1.73,7.8,0.461574,0.144671
-1.93,7.9,0.461574,0.144671
-2.13,8,0.461574,0.144671
-2.33,8.1,0.461574,0.144671
-2.53,8.2,0.461574,0.144671
-2.73,8.3,0.461574,0.144671
-2.93,8.4,0.461574,0.144671
-3.13,8.48,0.461574,0.144671
-3.33,8.55,0.461574,0.144671
-3.53,8.6,0.461574,0.144671
-3.73,8.65,0.461574,0.144671
-3.93,8.7,0.461574,0.144671
-4.13,8.75,0.461574,0.144671
-4.33,8.8,0.461574,0.144671
-4.53,8.85,0.461574,0.144671
-4.73,8.9,0.461574,0.144671
-4.93,8.97,0.461574,0.144671
-5.13,9.05,0.461574,0.144671
-5.33,9.14,0.461574,0.144671
