x,y,fb_velocity,fb_steering
-9.85479,14.3553,0,-0.00361284
-9.87529,14.5567,0.416815,-0.0417833
-9.8958,14.7635,0.548294,-0.0395842
-9.91567,14.9666,0.686766,-0.0409979
-9.93556,15.1706,0.815448,-0.0543497
-9.95457,15.3727,0.933639,-0.0675444
-9.97418,15.5977,1.00987,-0.0742988
-9.98985,15.7985,1.05952,-0.0738276
-10.0044,16.009,1.05952,-0.0713143
-10.0173,16.2234,1.0882,-0.0640886
-10.0283,16.4431,1.12736,-0.0578054
-10.0373,16.6684,1.14834,-0.0516793
-10.044,16.8975,1.14834,-0.0428828
-10.0489,17.129,1.16722,-0.0425687
-10.0523,17.3628,1.17212,-0.043197
-10.0543,17.5972,1.18541,-0.0441395
-10.0551,17.834,1.18541,-0.0444536
-10.0543,18.0729,1.19869,-0.0433541
-10.0519,18.3153,1.24066,-0.0257611
-10.0485,18.565,1.3057,-0.00565488
-10.0454,18.7735,1.3057,-0.00408408
-10.0426,18.9851,1.35045,-0.00047124
-10.0401,19.2011,1.39801,-0.00219912
-10.0379,19.422,1.39801,-0.00408408
-10.036,19.6462,1.42109,-0.0054978
-10.0347,19.8734,1.42109,-0.0108385
-10.0339,20.1024,1.44766,-0.0153938
-10.0335,20.334,1.43717,-0.0226195
-10.0331,20.5647,1.43717,-0.0378563
-10.0322,20.7946,1.43717,-0.0387988
-10.0304,21.0245,1.43717,-0.0358142
-10.0275,21.2521,1.40011,-0.0350288
-10.0236,21.4762,1.38962,-0.0309448
-10.0187,21.6988,1.38962,-0.0289027
-10.0132,21.9208,1.38193,-0.0303164
-10.0071,22.1419,1.38193,-0.0296881
-10.0003,22.3621,1.37423,-0.0282744
-9.9929,22.5819,1.34766,-0.0263894
-9.98545,22.798,1.34766,-0.0301594
-9.97771,23.0142,1.37703,-0.00534072
-9.96916,23.2341,1.37703,-0.00581196
-9.96041,23.4572,1.4057,-0.00565488
-9.9519,23.6819,1.4057,-0.00502656
-9.94363,23.9067,1.4057,-0.00848232
-9.93556,24.1321,1.43158,-0.0103673
-9.92766,24.3608,1.43158,-0.0109956
-9.91975,24.5917,1.45046,-0.015708
-9.91186,24.8236,1.42389,-0.0171217
-9.90415,25.0519,1.42389,-0.0171217
-9.8963,25.281,1.44766,-0.0171217
-9.88862,25.5125,1.44766,-0.0171217
-9.88093,25.745,1.45815,-0.0161792
-9.87331,25.9782,1.45815,-0.0197921
-9.86569,26.2114,1.45815,-0.0199492
-9.85795,26.4447,1.46095,-0.0201062
-9.85024,26.6783,1.44766,-0.017593
-9.84274,26.9107,1.44766,-0.0180642
-9.83524,27.1421,1.44207,-0.0179071
-9.82771,27.3727,1.44207,-0.0174359
-9.82006,27.6027,1.43158,-0.0171217
-9.81232,27.8316,1.42668,-0.0172788
-9.80443,28.06,1.42668,-0.0166505
-9.79644,28.2884,1.43438,-0.011781
-9.78845,28.5177,1.43438,-0.0161792
-9.78083,28.7444,1.39242,-0.0155509
-9.77356,28.9672,1.39801,-0.0146084
-9.76605,29.1906,1.39801,-0.0141372
-9.75829,29.4143,1.40291,-0.0135089
-9.75062,29.6386,1.40291,-0.00596904
-9.74348,29.8614,1.37703,-0.00596904
-9.73694,30.0817,1.37913,-0.00769692
-9.73095,30.3022,1.37913,-0.0146084
-9.72549,30.5224,1.36374,-0.0361284
-9.7205,30.7406,1.36374,-0.0351859
-9.71511,30.9603,1.37913,-0.0296881
-9.70909,31.1809,1.37703,-0.0290598
-9.70251,31.4011,1.37703,-0.0287456
-9.69533,31.6213,1.37703,-0.0141372
-9.68749,31.8415,1.37703,-0.00801108
-9.6793,32.0614,1.37423,-0.0007854
-9.67133,32.2812,1.37913,0.00345576
-9.66373,32.5016,1.37913,0.00486948
-9.65656,32.7228,1.38962,0.0130376
-9.64995,32.945,1.38962,0.0271748
-9.64441,33.1652,1.36864,0.0453961
-9.64043,33.3844,1.37703,0.0505798
-9.63855,33.6046,1.37703,0.0505798
-9.63959,33.8234,1.35325,0.0505798
-9.64346,34.04,1.33996,0.0505798
-9.65002,34.2551,1.33996,0.0505798
-9.65928,34.4696,1.35325,0.0504227
-9.67138,34.6857,1.35325,0.0504227
-9.68626,34.9006,1.33507,0.0507368
-9.70359,35.1135,1.34556,0.0560776
-9.72343,35.3273,1.34556,0.064874
-9.74605,35.541,1.33227,0.076498
-9.77178,35.7527,1.33227,0.0940909
-9.80129,35.9625,1.31129,0.101788
-9.83486,36.1697,1.26653,0.102102
-9.87214,36.3698,1.26653,0.102102
-9.91386,36.5673,1.23786,0.102102
-9.97186,36.8082,1.24555,0.102102
-10.0373,37.048,1.24555,0.102102
-10.1101,37.2863,1.24555,0.100531
-10.19,37.5223,1.25115,0.0951905
-10.2594,37.7101,1.25115,0.0958188
-10.3333,37.8966,1.25604,0.0958188
-10.4113,38.0818,1.3057,0.0977038
-10.496,38.2717,1.3057,0.102887
-10.5854,38.46,1.29031,0.104458
-10.6781,38.6446,1.29031,0.103202
-10.7759,38.8291,1.31409,0.0992746
-10.8789,39.0124,1.34556,0.0854515
-10.9882,39.1971,1.34556,0.0835666
-11.102,39.3799,1.34556,0.0793254
-11.2197,39.5601,1.34556,0.0813674
-11.3419,39.7393,1.36094,0.0819958
-11.4683,39.9166,1.38472,0.0826241
-11.6003,40.0938,1.38472,0.0840378
-11.7362,40.2676,1.36864,0.0695864
-11.8749,40.4371,1.36864,0.076655
-12.0173,40.6035,1.36864,0.0540355
-12.163,40.7669,1.4057,0.0461815
-12.3153,40.9314,1.4057,0.0221483
-12.4702,41.0935,1.39521,0.00895356
-12.6267,41.2528,1.39521,0.0070686
-12.7845,41.4108,1.39521,-0.00722568
-12.9433,41.5676,1.39521,-0.00376992
-13.1029,41.7237,1.39521,-0.0031416
-13.2624,41.878,1.37423,0.00047124
-13.4209,42.0304,1.38472,0.00062832
-13.5805,42.1832,1.38472,0.00015708
-13.7405,42.3358,1.36654,0.00047124
-13.8994,42.4862,1.36654,0.0186925
-14.0579,42.6358,1.35605,0.0094248
-14.2162,42.7843,1.35045,0.021677
-14.3743,42.9317,1.35045,0.0245045
-14.5339,43.0797,1.4106,0.031416
-14.6999,43.2321,1.4106,0.0356572
-14.8663,43.3826,1.38962,0.0356572
-15.0325,43.5304,1.4085,0.0362855
-15.2017,43.6786,1.4085,0.0433541
-15.3722,43.8254,1.39521,0.0496373
-15.5426,43.9698,1.39521,0.0527789
-15.7204,44.1175,1.47354,0.0669161
-15.9036,44.2657,1.46585,0.0796396
-16.0885,44.4103,1.46585,0.0860798
-16.2763,44.5516,1.47354,0.0860798
-16.4676,44.6894,1.47354,0.0857657
-16.6617,44.8231,1.47354,0.0857657
-16.8588,44.9526,1.47354,0.0862369
-17.0586,45.0778,1.47354,0.0862369
-17.2615,45.1987,1.48193,0.0859228
-17.4683,45.3148,1.48193,0.0841949
-17.6762,45.4248,1.46305,0.0821528
-17.8858,45.5294,1.46865,0.0793254
-18.0984,45.6292,1.46865,0.0788542
-18.3133,45.7237,1.46305,0.0695864
-18.5296,45.813,1.44207,0.0662878
-18.746,45.8967,1.44207,0.0584338
-18.9633,45.9752,1.45256,0.0576484
-19.1835,46.0493,1.45256,0.0562346
-19.4047,46.1189,1.44487,0.0496373
-19.6264,46.1844,1.42389,0.0483806
-19.8465,46.2451,1.42389,0.0485377
-20.0666,46.302,1.4057,0.0483806
-20.2853,46.3549,1.4057,0.0486948
-20.5056,46.4049,1.42109,0.0474382
-20.728,46.4517,1.40291,0.0475952
-20.9487,46.4948,1.40291,0.0475952
-21.1697,46.5346,1.4085,0.0474382
-21.392,46.5713,1.4085,0.0479094
-21.6149,46.6048,1.4085,0.0477523
-21.8381,46.6356,1.41899,0.0479094
-22.0632,46.6638,1.41899,0.0395842
-22.2883,46.6889,1.40011,0.0212058
-22.5114,46.7112,1.40011,0.0130376
-22.7358,46.7317,1.4134,0.00376992
-22.9611,46.7511,1.4134,0.003927
-23.1865,46.7697,1.4134,0.00424116
-23.4129,46.7877,1.42948,0.00455532
-23.6409,46.8056,1.42948,0.0047124
-23.8702,46.8231,1.44207,0.0047124
-24.1003,46.8401,1.43717,0.00345576
-24.3297,46.8565,1.43717,0.00172788
-24.5596,46.8724,1.44487,0.00188496
-24.7902,46.888,1.44487,0.00376992
-25.023,46.9035,1.46585,0.00424116
-25.2573,46.9187,1.47634,0.00534072
-25.493,46.9333,1.47634,0.00753984
-25.729,46.9474,1.47914,0.00753984
-25.9653,46.961,1.46305,0.0070686
-26.2,46.9738,1.46305,0.00738276
-26.4338,46.9859,1.46585,0.00722568
-26.6681,46.9973,1.46585,0.00376992
-26.9034,47.0081,1.48193,0.00204204
-27.1402,47.0185,1.46305,0.00204204
-27.3745,47.0284,1.46305,0.0031416
-27.6092,47.038,1.49452,0.00329868
-27.8479,47.0473,1.49452,0.00298452
-28.0868,47.056,1.49242,-0.0015708
-28.3254,47.0644,1.50781,-0.00769692
-28.5662,47.0729,1.50781,-0.00753984
-28.8077,47.0812,1.5211,-0.0070686
-29.0508,47.0895,1.5211,-0.00722568
-29.2949,47.0977,1.53438,-0.0102102
-29.5402,47.1061,1.52599,-0.0193208
-29.7844,47.1147,1.52599,-0.0248186
-30.0281,47.124,1.5155,-0.025604
-30.2704,47.134,1.5155,-0.0238762
-30.514,47.1449,1.52879,-0.0237191
-30.7583,47.1567,1.55257,-0.0213629
-31.0059,47.1696,1.55257,-0.0188496
-31.2539,47.1832,1.55257,-0.0120952
-31.502,47.1974,1.55257,-0.00753984
-31.7504,47.2118,1.55746,-0.0070686
-31.9992,47.2263,1.56586,-0.00659736
-32.2492,47.2409,1.56586,-0.00188496
-32.5004,47.2558,1.58404,0.00219912
-32.7533,47.2707,1.58404,0.0102102
-33.009,47.2855,1.60991,0.0105244
-33.2664,47.2997,1.61831,0.0105244
-33.5249,47.3131,1.61831,0.0108385
-33.7838,47.3257,1.6232,0.0141372
-34.0433,47.3374,1.64139,0.0202633
-34.3046,47.3484,1.64139,0.0243474
-34.5674,47.358,1.65747,0.0243474
-34.8324,47.3658,1.65747,0.0249757
-35.0972,47.3716,1.65188,0.0246616
-35.3615,47.3756,1.66796,0.0245045
-35.628,47.3777,1.66796,0.0241903
-35.8282,47.3778,1.68335,0.0191638
-36.0299,47.3766,1.68335,0.0188496
-36.2318,47.374,1.69943,0.0179071
-36.4354,47.3703,1.69943,0.0174359
-36.6393,47.3656,1.69943,0.0171217
-36.8433,47.3598,1.70223,0.0166505
-37.0475,47.3528,1.70223,0.013666
-37.2514,47.3445,1.69663,0.00816816
-37.4548,47.335,1.69663,0.00722568
-37.6585,47.3247,1.70992,0.00219912
-37.8634,47.3136,1.70992,0.00251328
-38.0682,47.3017,1.68894,0.00267036
-38.2709,47.289,1.68894,0.00094248
-38.4731,47.2758,1.70433,-0.00911064
-38.6763,47.262,1.70433,-0.00989604
-38.8803,47.2477,1.70433,-0.0103673
-39.0827,47.2332,1.67845,-0.0120952
-39.2836,47.2186,1.67845,-0.0139801
-39.4851,47.2039,1.70223,-0.013823
-39.6887,47.189,1.70223,-0.013666
-39.8924,47.1738,1.70223,-0.013666
-40.0961,47.1587,1.70223,-0.013666
-40.2998,47.1435,1.71272,-0.0135089
-40.5045,47.1283,1.71272,-0.0125664
-40.7095,47.1133,1.71272,-0.0125664
-40.9145,47.0983,1.71272,-0.0124093
-41.1195,47.0832,1.71272,-0.0124093
-41.3243,47.0682,1.70992,-0.0124093
-41.529,47.0532,1.70992,-0.0119381
-41.7338,47.0383,1.71762,-0.0111527
-41.9393,47.0235,1.71762,-0.0111527
-42.1451,47.0087,1.72321,-0.0109956
-42.3513,46.9939,1.72321,-0.0114668
-42.5575,46.979,1.70433,-0.0116239
-42.7619,46.9642,1.70433,-0.0116239
-42.9659,46.9493,1.69663,-0.0122522
-43.1694,46.9344,1.69663,-0.015708
-43.3724,46.9194,1.69663,-0.0161792
-43.5756,46.9042,1.69943,-0.0161792
-43.779,46.8891,1.69943,-0.0180642
-43.9822,46.8741,1.69174,-0.0180642
-44.1847,46.8593,1.69174,-0.0208916
-44.387,46.8447,1.68335,-0.0208916
-44.5885,46.8301,1.68335,-0.02152
-44.79,46.8154,1.69174,-0.02152
-44.9923,46.8006,1.69174,-0.0213629
-45.1947,46.786,1.68894,-0.0213629
-45.3971,46.7715,1.68894,-0.0208916
-45.5992,46.7573,1.68894,-0.0208916
-45.8013,46.7433,1.68614,-0.0208916
-46.0031,46.7294,1.68614,-0.0207346
-46.2049,46.7155,1.68125,-0.0207346
-46.4062,46.7017,1.68125,-0.0210487
-46.6081,46.6878,1.70433,-0.021677
-46.812,46.674,1.70433,-0.021677
-47.0161,46.6605,1.72041,-0.021677
-47.2218,46.6473,1.72041,-0.02152
-47.4278,46.6341,1.71762,-0.02152
-47.6336,46.6211,1.71762,-0.0158651
-47.8393,46.6083,1.71762,-0.0158651
-48.0462,46.5957,1.7358,-0.0158651
-48.2541,46.5833,1.7358,-0.0158651
-48.4623,46.5712,1.74629,-0.0158651
-48.6715,46.5593,1.74629,-0.0158651
-48.881,46.5475,1.75678,-0.015708
-49.0914,46.536,1.75678,-0.015708
-49.3019,46.525,1.74419,-0.0153938
-49.5112,46.5141,1.74419,-0.0141372
-49.7203,46.5035,1.74419,-0.013666
-49.9293,46.4933,1.74419,-0.0109956
-50.1384,46.4835,1.74419,-0.0108385
-50.3478,46.4741,1.74909,-0.0105244
-50.5575,46.4649,1.74909,-0.0102102
-50.767,46.4558,1.74419,-0.00895356
-50.9762,46.4469,1.74419,-0.00753984
-51.1853,46.4382,1.7358,-0.00502656
-51.3936,46.4298,1.7358,-0.0023562
-51.6017,46.4216,1.7358,0.00298452
-51.8099,46.4133,1.7358,0.00659736
-52.018,46.4049,1.7358,0.00769692
-52.2261,46.3959,1.7358,0.00769692
-52.4342,46.3867,1.7358,0.00769692
-52.6431,46.3773,1.74909,0.007854
-52.8527,46.3675,1.74909,0.007854
-53.0625,46.3574,1.75188,0.00801108
-53.2724,46.3469,1.75188,0.00801108
-53.4823,46.3359,1.75468,0.00801108
-53.6925,46.3245,1.75468,0.00832524
-53.9028,46.3126,1.75678,0.00848232
-54.1132,46.3003,1.75678,0.00848232
-54.3236,46.2876,1.75188,0.0109956
-54.5337,46.2744,1.75188,0.0106814
-54.7435,46.2608,1.75188,0.0105244
-54.9532,46.2466,1.75188,0.0106814
-55.1629,46.2319,1.75188,0.0106814
-55.3726,46.2168,1.75188,0.0106814
-55.5823,46.2012,1.75188,0.0109956
-55.7919,46.1851,1.74139,0.0105244
-56.0004,46.1684,1.74139,0.00753984
-56.2087,46.1512,1.7358,0.00502656
-56.4163,46.1335,1.7358,0.00282744
-56.6238,46.1153,1.7358,0.00282744
-56.8316,46.0968,1.74139,0.00282744
-57.0397,46.078,1.74139,0.00047124
-57.2476,46.0587,1.7386,-0.00486948
-57.4553,46.039,1.7386,-0.0070686
-57.6635,46.0191,1.75468,-0.0070686
-57.873,45.9991,1.75468,-0.0070686
-58.0826,45.9792,1.74419,-0.0070686
-58.2912,45.9593,1.74419,-0.0062832
-58.4995,45.9391,1.75188,-0.00659736
-58.7085,45.9186,1.75188,-0.00769692
-58.9178,45.898,1.75188,-0.0158651
-59.1265,45.8774,1.74419,-0.0179071
-59.3348,45.8568,1.74419,-0.0179071
-59.5431,45.8363,1.74629,-0.0171217
-59.7517,45.816,1.74629,-0.0172788
-59.9602,45.7961,1.74419,-0.0171217
-60.1686,45.7765,1.74419,-0.0172788
-60.3771,45.7571,1.75468,-0.0168076
-60.5866,45.7381,1.75468,-0.0163363
-60.7963,45.7196,1.7337,-0.0160222
-61.004,45.7015,1.7337,-0.0130376
-61.2113,45.6836,1.7337,-0.0130376
-61.4194,45.6659,1.74629,-0.0130376
-61.6281,45.6486,1.74629,-0.0128806
-61.8372,45.6316,1.74909,-0.0124093
-62.0464,45.6149,1.74909,-0.0125664
-62.2556,45.5984,1.74629,-0.0124093
-62.4645,45.5821,1.74629,-0.0125664
-62.6734,45.5659,1.74909,-0.0127235
-62.8826,45.5498,1.74909,-0.0127235
-63.0919,45.5338,1.74629,-0.0124093
-63.3009,45.5179,1.74629,-0.011781
-63.5099,45.5022,1.74629,-0.0116239
-63.7182,45.4867,1.7358,-0.00958188
-63.926,45.4714,1.7358,-0.00958188
-64.1344,45.4563,1.74629,-0.00958188
-64.3434,45.4413,1.74629,-0.0094248
-64.5526,45.4265,1.75188,-0.00926772
-64.7622,45.4118,1.75188,-0.00911064
-64.972,45.3974,1.76517,-0.00738276
-65.183,45.3829,1.76517,-0.0070686
-65.3944,45.3685,1.78615,-0.0070686
-65.6078,45.3539,1.78615,-0.00675444
-65.8216,45.3393,1.78615,-0.00659736
-66.036,45.3248,1.79385,-0.00581196
-66.2507,45.3102,1.79385,-0.00455532
-66.4668,45.2956,1.81483,-0.00329868
-66.684,45.2808,1.81483,-0.00329868
-66.9011,45.2662,1.80434,-0.00329868
-67.1171,45.2516,1.80434,-0.00329868
-67.3332,45.2368,1.83021,-0.00345576
-67.5518,45.2218,1.83021,-0.00361284
-67.7709,45.2066,1.86448,-0.00361284
-67.9934,45.1909,1.86448,-0.00361284
-68.2165,45.1751,1.86448,-0.00361284
-68.4394,45.1589,1.85958,-0.00361284
-68.6619,45.1422,1.85958,-0.0105244
-68.884,45.1252,1.8463,-0.0114668
-69.1051,45.1085,1.8463,-0.0114668
-69.3259,45.0918,1.8435,-0.011781
-69.5467,45.075,1.8435,-0.0120952
-69.7671,45.0581,1.82811,-0.0127235
-69.9861,45.0417,1.82811,-0.0135089
-70.205,45.0256,1.8435,-0.013666
-70.4253,45.0096,1.8435,-0.0142943
-70.6459,44.9937,1.8435,-0.0147655
-70.8659,44.9779,1.83301,-0.0149226
-71.0854,44.9625,1.83301,-0.0149226
-71.3049,44.9477,1.83581,-0.0146084
-71.5248,44.9336,1.83581,-0.0144514
-71.745,44.9201,1.84909,-0.0142943
-71.9664,44.9069,1.84909,-0.0142943
-72.1879,44.8941,1.8386,-0.0139801
-72.4085,44.8818,1.8386,-0.013823
-72.6288,44.87,1.83021,-0.0135089
-72.8486,44.8588,1.83021,-0.0125664
-73.068,44.8482,1.83021,-0.0111527
-73.2861,44.8382,1.80923,-0.0111527
-73.503,44.8285,1.80923,-0.00848232
-73.7204,44.8193,1.82532,-0.0047124
-73.9391,44.8105,1.82532,-0.00204204
-74.1575,44.802,1.80923,-0.00188496
-74.3746,44.7936,1.80923,-0.00172788
-74.5916,44.7853,1.81203,-0.00172788
-74.8088,44.7769,1.81203,-0.0015708
-75.0261,44.7685,1.80434,-0.0015708
-75.2429,44.75,1.80434,-0.00094248
-75.4592,44.7512,1.80434,0.00047124
-75.676,44.6423,1.81203,0.00408408
-75.8932,44.633,1.81203,0.00408408
-76.1106,44.6234,1.81762,0.00361284
-76.3285,44.6134,1.81762,0.00376992
-76.5463,44.603,1.81762,0.00361284
-76.7642,44.5921,1.81762,0.00361284
-76.982,44.5807,1.80434,0.00376992
-77.1984,44.5689,1.80434,0.00345576
-77.4146,44.5565,1.81762,0.003927
-77.6316,44.5436,1.81762,0.00376992
-77.8493,44.5303,1.81762,0.00329868
-78.0674,44.5164,1.82532,0.0031416
-78.286,44.5019,1.82532,0.0031416
-78.5045,44.4869,1.82532,0.00267036
-78.7229,44.3712,1.82532,0.0015708
-78.9417,44.355,1.8386,-0.00329868
-79.1617,44.3383,1.8386,-0.00251328
-79.3617,44.2383,1.8386,-0.00251328
-79.5617,44.1383,1.8386,-0.00251328
-79.7617,44.0383,1.8386,-0.00251328
-79.9617,43.9383,1.8386,-0.00251328
-80.1617,43.8383,1.8386,-0.00251328
-80.3617,43.7383,1.8386,-0.00251328
-80.5617,43.6383,1.8386,-0.00251328
-80.7617,43.6383,1.8386,-0.00251328
-80.9617,43.6383,1.8386,-0.00251328
-81.3617,43.6383,1.8386,-0.00251328
-81.7617,43.6383,1.8386,-0.00251328
-81.9617,43.6383,1.8386,-0.00251328
-82.3617,43.6383,1.8386,-0.00251328
-82.784,43.621,1.99316,-0.0180642
-83.0219,43.5972,1.99316,-0.0183784
-83.2588,43.5737,1.97218,-0.0205775
-83.4945,43.5508,1.97218,-0.0218341
-83.7305,43.5283,1.98547,-0.0227766
-83.9676,43.5062,1.98547,-0.0234049
-84.2042,43.4846,1.9512,-0.0227766
-84.4062,43.4745,1.9512,-0.0227766
-84.6395,43.4543,1.9512,-0.0226195
-84.8719,43.4349,1.93302,-0.0219912
-85.1032,43.4164,1.93302,-0.021677
-85.3342,43.3988,1.91973,-0.0210487
-85.5641,43.3824,1.91973,-0.0210487
-85.7859,43.3791,1.92742,-0.0210487
-86.0167,43.3655,1.92742,-0.0163363
-86.2476,43.3525,1.90924,-0.0122522
-86.4769,43.3403,1.90924,-0.00848232
-86.7058,43.3286,1.89875,-0.00062832
-86.9594,43.3065,1.89875,0.00282744
-87.1869,43.2942,1.89875,0.00282744
-87.4144,43.2817,1.89875,0.00361284
-87.6419,43.269,1.89875,0.00361284
-87.8694,43.2562,1.89875,0.003927
-88.0969,43.243,1.89875,0.00267036
-88.3247,43.2296,1.91693,0.00408408
-88.5865,43.1938,1.91693,0.00282744
-88.8154,43.1803,1.88266,0.00282744
-89.0413,43.1667,1.88266,0.00282744
-89.2669,43.1531,1.88826,0.00282744
-89.4929,43.1392,1.88826,0.00282744
-89.7184,43.1261,1.87007,0.00298452
-89.9429,43.1114,1.87007,0.00282744
-90.1667,43.0963,1.87217,0.0031416
-90.3907,43.0809,1.87217,0.00329868
-90.6148,43.0652,1.87217,0.007854
-90.8405,43.0492,1.90155,0.00722568
-91.1148,43.0278,1.90155,0.00753984
-91.3422,43.0113,1.89875,0.0070686
-91.5695,42.9947,1.89875,0.00109956
-91.7963,42.9778,1.87777,-0.00801108
-92.0211,42.961,1.87777,-0.015708
-92.2298,42.9467,1.86728,-0.0179071
-92.4532,42.9301,1.86728,-0.02152
-92.6768,42.9139,1.8435,-0.029374
-92.8981,42.8982,1.8435,-0.0416262
-93.1189,42.8836,1.82252,-0.0552922
-93.3329,42.8751,1.82252,-0.060947
-93.5513,42.8647,1.82252,-0.0612612
-93.7686,42.8565,1.79874,-0.0612612
-93.9844,42.851,1.79874,-0.0612612
-94.1997,42.8481,1.77566,-0.0612612
-94.4073,42.859,1.77566,-0.0612612
-94.6198,42.8621,1.74909,-0.0612612
-94.8298,42.8675,1.74909,-0.0617324
-95.0395,42.8753,1.70713,-0.068644
-95.2452,42.8858,1.70713,-0.0775975
-95.4496,42.8991,1.71272,-0.0860798
-95.6596,42.9076,1.71272,-0.0929914
-95.8641,42.9274,1.71272,-0.101945
-96.0661,42.9506,1.67286,-0.112312
-96.2651,42.9772,1.67286,-0.123779
-96.526,43.0187,1.60991,-0.136503
-96.7815,43.0579,1.60502,-0.139644
-97.0318,43.1149,1.60502,-0.139644
-97.2801,43.1807,1.61551,-0.138702
-97.5272,43.2556,1.61551,-0.13446
-97.7729,43.3395,1.6288,-0.127863
-98.0044,43.4236,1.63369,-0.111998
-98.2449,43.5254,1.63369,-0.0944051
-98.4828,43.6338,1.64139,-0.0788542
-98.7192,43.7481,1.64139,-0.074613
-98.9683,43.8632,1.64418,-0.0714714
-99.2003,43.9871,1.62041,-0.0576484
-99.4274,44.1135,1.62041,-0.0408408
-99.6513,44.2431,1.60991,-0.0193208
-99.8726,44.3748,1.60991,-0.0149226
-100.102,44.5046,1.59942,-0.0146084
-100.322,44.6362,1.60502,-0.0146084
-100.542,44.7684,1.60502,-0.0166505
-100.761,44.9012,1.60502,-0.0164934
-100.981,45.0339,1.60502,-0.0158651
-101.202,45.1514,1.63649,-0.0153938
-101.427,45.2851,1.626,-0.0164934
-101.651,45.4179,1.626,-0.0183784
-101.876,45.5516,1.65188,-0.0191638
-102.102,45.6789,1.626,-0.025447
-102.327,45.8125,1.626,-0.0306306
-102.551,45.9457,1.6232,-0.0301594
-102.774,46.0791,1.6232,-0.0282744
-103.009,46.213,1.63369,-0.0257611
-103.232,46.3489,1.64139,-0.0226195
-103.456,46.4861,1.64139,-0.0166505
-103.679,46.6245,1.66027,-0.013666
-103.905,46.7646,1.66027,-0.0208916
-104.111,46.9092,1.63929,-0.0292169
-104.333,47.0489,1.66027,-0.0289027
-104.557,47.1908,1.66027,-0.0282744
-104.781,47.334,1.66516,-0.0278032
-105.004,47.4785,1.66516,-0.0183784
-105.186,47.592,1.65188,-0.0155509
-105.407,47.7372,1.65188,-0.0113098
-105.629,47.884,1.67286,-0.0116239
-105.796,47.995,1.64698,-0.0109956
-106.017,48.1417,1.64698,-0.011781
-106.217,48.2907,1.65747,-0.0127235
-106.437,48.438,1.65747,-0.0100531
-106.658,48.5853,1.65467,-0.0102102
-106.878,48.7326,1.63649,-0.00659736
-107.131,48.8937,1.63649,-0.00534072
-107.349,49.0393,1.66516,-0.0023562
-107.57,49.1868,1.66516,0.00094248
-107.792,49.3337,1.64978,0.00565488
-108.012,49.4791,1.68614,0.0114668
-108.23,49.6232,1.68614,0.0223054
-108.4,49.7336,1.68894,0.0300023
-108.57,49.8435,1.68894,0.0408408
-108.741,49.9526,1.69943,0.053093
-108.914,50.0608,1.69943,0.0670732
-109.087,50.1675,1.69943,0.0834095
-109.299,50.2803,1.70433,0.108071
-109.476,50.3817,1.72321,0.135874
-109.657,50.4803,1.72321,0.152211
-109.84,50.5754,1.72321,0.162421
-110.026,50.665,1.71762,0.162735
-110.215,50.7484,1.71762,0.162578
-110.462,50.8252,1.69384,0.161635
-110.654,50.891,1.69384,0.158808
-110.849,50.9499,1.69663,0.142157
-111.046,51.0019,1.69663,0.124722
-111.244,51.0472,1.69174,0.0989604
-111.443,51.0859,1.69174,0.0675444
-111.66,51.1028,1.69384,0.037385
-111.862,51.1294,1.69384,0.0246616
-112.064,51.1521,1.68614,0.0245045
-112.265,51.1721,1.68614,0.0243474
-112.467,51.1899,1.68614,0.025604
-112.668,51.2057,1.67565,0.025447
-112.896,51.2452,1.67565,0.0257611
-113.095,51.2583,1.66237,0.025447
-113.361,51.2739,1.66237,0.035343
-113.561,51.2842,1.67845,0.0417833
-113.762,51.2932,1.67845,0.0409979
-113.978,51.338,1.69943,0.0422545
-114.182,51.3465,1.69943,0.0417833
-114.386,51.3536,1.69384,0.0414691
-114.589,51.3592,1.69384,0.0384846
-114.792,51.3637,1.69663,0.0419404
-114.996,51.3669,1.69663,0.0424116
-115.227,51.352,1.72811,0.047124
-115.434,51.3535,1.72811,0.0494802
-115.641,51.3537,1.75188,0.049166
-115.851,51.3522,1.75188,0.0483806
-116.061,51.3486,1.74909,0.0365996
-116.271,51.343,1.74909,0.0171217
-116.481,51.3366,1.74909,0.0031416
-116.691,51.3277,1.75188,-0.00816816
-116.901,51.3179,1.75188,-0.0113098
-117.112,51.308,1.78335,-0.0100531
-117.325,51.2983,1.78335,-0.0100531
-117.538,51.2883,1.75678,-0.00973896
-117.818,51.2296,1.75678,-0.00911064
-118.029,51.2161,1.75188,-0.00879648
-118.239,51.2022,1.75188,-0.0102102
-118.449,51.1882,1.76237,-0.00816816
-118.659,51.1742,1.76237,-0.00832524
-118.87,51.1601,1.76237,-0.00848232
-119.079,51.1458,1.72531,-0.00848232
-119.286,51.1399,1.72531,-0.00832524
-119.493,51.1254,1.75678,-0.00832524
-119.703,51.1101,1.75678,-0.00816816
-119.913,51.0943,1.72531,-0.0113098
-120.12,51.0783,1.72531,-0.0124093
-120.326,51.0622,1.74909,-0.0124093
-120.56,51.0715,1.74909,-0.0124093
-120.769,51.0557,1.77566,-0.0122522
-120.98,51.0395,1.77566,-0.0119381
-121.192,51.0229,1.77566,-0.0119381
-121.407,51.006,1.81762,-0.0108385
-121.625,50.9886,1.81762,-0.0113098
-121.842,50.9739,1.79664,-0.0114668
-122.057,50.9566,1.79664,-0.0114668
-122.273,50.9391,1.8407,-0.0139801
-122.493,50.9212,1.8407,-0.019635
-122.713,50.9034,1.85119,-0.0230908
-122.934,50.8858,1.85119,-0.0229337
-123.193,50.84,1.8435,-0.0232478
-123.414,50.823,1.8435,-0.0226195
-123.635,50.8063,1.83301,-0.0226195
-123.855,50.7898,1.83301,-0.0227766
-124.074,50.7736,1.8463,-0.0226195
-124.294,50.7578,1.8463,-0.0224624
-124.516,50.7449,1.8463,-0.0223054
-124.737,50.7305,1.8386,-0.0223054
-124.957,50.7165,1.8386,-0.0223054
-125.177,50.7025,1.82811,-0.0218341
-125.396,50.6891,1.82811,-0.02152
-125.615,50.6764,1.81203,-0.0213629
-125.827,50.6767,1.81203,-0.0213629
-126.044,50.665,1.80713,-0.0212058
-126.261,50.6536,1.80713,-0.0208916
-126.477,50.6425,1.79664,-0.0201062
-126.693,50.6319,1.79664,-0.0193208
-126.909,50.6218,1.79664,-0.0186925
-127.143,50.6119,1.79105,-0.0180642
-127.357,50.6021,1.79105,-0.0179071
-127.573,50.5928,1.81762,-0.0166505
-127.79,50.5837,1.81762,-0.0149226
-128.008,50.575,1.82532,-0.00879648
-128.227,50.5662,1.82532,-0.00612612
-128.463,50.5509,1.83301,-0.00675444
-128.682,50.5417,1.83301,-0.0070686
-128.902,50.5324,1.8407,-0.00832524
-129.122,50.5232,1.8407,-0.00832524
-129.343,50.514,1.8407,-0.00832524
-129.564,50.5046,1.85119,-0.00801108
-129.787,50.4948,1.85119,-0.00848232
-130.009,50.4851,1.85399,-0.00848232
-130.231,50.4756,1.85399,-0.00848232
-130.454,50.4661,1.85679,-0.00879648
-130.676,50.4565,1.85679,-0.007854
-130.899,50.4468,1.8435,-0.00848232
-131.121,50.4368,1.8435,-0.00675444
-131.342,50.427,1.85958,-0.00691152
-131.564,50.4171,1.85958,-0.0070686
-131.787,50.4071,1.85958,-0.0070686
-132.01,50.3967,1.85958,-0.00738276
-132.233,50.3861,1.85958,-0.00879648
-132.49,50.346,1.88057,-0.0135089
-132.715,50.3347,1.88057,-0.0149226
-132.939,50.3235,1.8435,-0.0153938
-133.16,50.3127,1.8435,-0.015708
-133.38,50.3023,1.80154,-0.0161792
-133.629,50.2947,1.80154,-0.0158651
-133.845,50.2842,1.79105,-0.0150797
-134.06,50.274,1.79105,-0.0146084
-134.275,50.2641,1.77566,-0.0113098
-134.488,50.2543,1.77566,-0.0100531
-134.701,50.2448,1.77566,-0.0100531
-134.915,50.2508,1.78056,-0.00958188
-135.128,50.2418,1.78056,-0.0094248
-135.341,50.2325,1.77776,-0.00973896
-135.554,50.223,1.77776,-0.00958188
-135.768,50.2134,1.79385,-0.0119381
-135.983,50.2037,1.79385,-0.0119381
-136.201,50.1835,1.77566,-0.00753984
-136.414,50.1738,1.77566,-0.00722568
-136.627,50.164,1.75188,-0.00722568
-136.838,50.1542,1.75188,-0.00722568
-137.048,50.1444,1.75188,-0.00769692
-137.257,50.1346,1.7386,-0.007854
-137.474,50.1254,1.7386,-0.00534072
-137.683,50.1148,1.76727,-0.00518364
-137.895,50.1038,1.76727,-0.00596904
-138.106,50.0925,1.74139,-0.00518364
-138.315,50.0812,1.74139,-0.00502656
-138.524,50.0699,1.74629,-0.0062832
-138.735,50.0588,1.74629,-0.00895356
-138.944,50.0471,1.74909,-0.0105244
-139.153,50.0352,1.74909,-0.0128806
-139.363,50.023,1.74909,-0.0142943
-139.571,50.0108,1.72811,-0.0152368
-139.775,50.0013,1.72811,-0.0223054
-139.982,49.9899,1.72531,-0.0304735
-140.188,49.9785,1.72531,-0.0309448
-140.395,49.9676,1.72811,-0.0309448
-140.602,49.9573,1.72811,-0.0296881
-140.809,49.9478,1.71762,-0.0298452
-141.017,49.9363,1.71762,-0.029374
-141.223,49.929,1.70223,-0.0289027
-141.428,49.9226,1.70223,-0.0263894
-141.632,49.9169,1.70223,-0.0237191
-141.838,49.912,1.7337,-0.0234049
-142.044,49.9127,1.7337,-0.0219912
-142.253,49.9088,1.74909,-0.0197921
-142.463,49.9054,1.74909,-0.0153938
-142.673,49.9024,1.75678,-0.0113098
-142.883,49.8998,1.75678,-0.00989604
-143.107,49.8974,1.77776,-0.00926772
-143.32,49.8947,1.77776,-0.00895356
-143.533,49.8922,1.78335,-0.00848232
-143.747,49.8896,1.78335,-0.00596904
-143.961,49.8871,1.78335,-0.00565488
-144.176,49.8846,1.80154,-0.0031416
-144.385,49.8781,1.80154,-0.00282744
-144.602,49.8751,1.80713,-0.00282744
-144.819,49.872,1.80713,-0.00267036
-145.036,49.8687,1.8386,-0.00188496
-145.256,49.8651,1.8386,-0.00015708
-145.469,49.873,1.83021,0.0062832
-145.689,49.8677,1.83021,0.00612612
-145.908,49.8618,1.83301,0.00612612
-146.128,49.8553,1.83301,0.00596904
-146.348,49.848,1.83301,0.00581196
-146.568,49.8401,1.83021,0.00518364
-146.779,49.8321,1.83021,0.003927
-146.999,49.8229,1.83021,0.00172788
-147.218,49.813,1.83021,0.0015708
-147.438,49.8024,1.8435,0.00188496
-147.659,49.7912,1.8435,0.00172788
-147.88,49.7796,1.83581,0.00125664
-148.12,49.7627,1.83581,0.00204204
-148.34,49.7508,1.81762,-0.0023562
-148.559,49.7384,1.81762,-0.00895356
-148.776,49.7257,1.81762,-0.0131947
-148.994,49.7129,1.81203,-0.0207346
-149.211,49.7003,1.81203,-0.0212058
-149.432,49.6909,1.81762,-0.0208916
-149.65,49.6787,1.81762,-0.0179071
-149.868,49.6674,1.80434,-0.0172788
-150.084,49.657,1.80434,-0.0166505
-150.3,49.6472,1.78825,-0.0149226
-150.515,49.6382,1.78825,-0.007854
-150.716,49.6439,1.80434,-0.00581196
-150.932,49.6366,1.80434,-0.00502656
-151.148,49.6294,1.80434,-0.00502656
-151.363,49.6224,1.78056,-0.00502656
-151.577,49.6158,1.78056,-0.00518364
-151.791,49.6093,1.80434,-0.0062832
-152.014,49.6019,1.80434,-0.0062832
-152.23,49.5957,1.79105,-0.0062832
-152.445,49.5898,1.79105,-0.0062832
-152.66,49.5843,1.78335,-0.00675444
-152.874,49.5791,1.78335,0
-153.088,49.5741,1.79874,0.00565488
-153.324,49.5549,1.79874,0.00581196
-153.54,49.5506,1.79874,0.00596904
-153.756,49.5458,1.80434,0.00581196
-153.972,49.5406,1.80434,0.00565488
-154.189,49.5348,1.80154,0.00565488
-154.405,49.5284,1.80154,0.00565488
-154.667,49.519,1.80713,0.00062832
-154.883,49.5103,1.80713,-0.0015708
-155.1,49.5011,1.80713,-0.0015708
-155.317,49.4915,1.80713,-0.00188496
-155.533,49.4815,1.81762,-0.00188496
-155.758,49.4567,1.81762,-0.00188496
-155.976,49.4455,1.79874,-0.00644028
-156.192,49.4339,1.79874,-0.00973896
-156.408,49.4221,1.79874,-0.0124093
-156.623,49.4103,1.79385,-0.0122522
-156.838,49.3983,1.79385,-0.0114668
-157.107,49.3862,1.78825,-0.0111527
-157.321,49.3735,1.78825,-0.0130376
-157.534,49.3608,1.77566,-0.0153938
-157.747,49.3479,1.77566,-0.02152
-157.959,49.3351,1.75678,-0.0257611
-158.171,49.3284,1.75678,-0.025447
-158.381,49.3168,1.75678,-0.0252899
-158.592,49.3054,1.75678,-0.0245045
-158.802,49.2945,1.76237,-0.0245045
-159.014,49.284,1.76237,-0.0240332
-159.225,49.274,1.78056,-0.0226195
-159.434,49.2669,1.78056,-0.023562
-159.647,49.2576,1.78056,-0.0262324
-159.861,49.2486,1.78335,-0.0262324
-160.074,49.2404,1.78335,-0.0262324
-160.288,49.233,1.78825,-0.0238762
-160.503,49.2262,1.78825,-0.0230908
-160.728,49.2165,1.79664,-0.0230908
-160.944,49.2118,1.79664,-0.0224624
-161.159,49.2077,1.79105,-0.0164934
-161.374,49.2042,1.79105,-0.0163363
-161.589,49.201,1.77566,-0.0141372
-161.803,49.1981,1.77566,-0.00486948
-162.019,49.1976,1.77566,-0.00376992
-162.233,49.1945,1.77776,-0.00329868
-162.446,49.1915,1.77776,-0.00282744
-162.659,49.1884,1.77566,-0.00282744
-162.872,49.185,1.77566,-0.0031416
-163.142,49.1758,1.77286,-0.00298452
-163.354,49.1715,1.77286,-0.00267036
-163.567,49.1666,1.76727,-0.0023562
-163.779,49.1614,1.76727,-0.00267036
-163.991,49.1559,1.76727,-0.00267036
-164.203,49.1416,1.76727,-0.0023562
-164.415,49.1353,1.76237,-0.0023562
-164.626,49.1288,1.76237,-0.00267036
-164.837,49.1221,1.76237,-0.00267036
-165.049,49.115,1.77286,-0.00298452
-165.262,49.1074,1.77286,-0.00267036
-165.524,49.1034,1.76727,-0.00282744
-165.735,49.095,1.76727,-0.00282744
-165.947,49.0862,1.75958,-0.00282744
-166.158,49.0771,1.75958,-0.00267036
-166.369,49.0675,1.74629,-0.0031416
-166.61,49.0639,1.74629,-0.0031416
-166.819,49.0536,1.75468,-0.00376992
-167.029,49.0431,1.75468,-0.00895356
-167.24,49.0325,1.75188,-0.013823
-167.45,49.0217,1.75188,-0.0141372
-167.66,49.011,1.74139,-0.0141372
-167.861,49.0127,1.74139,-0.0144514
-168.069,49.0024,1.74139,-0.0144514
-168.277,48.9926,1.71762,-0.0130376
-168.483,48.9832,1.71762,-0.0130376
-168.688,48.9743,1.68894,-0.0130376
-168.891,48.9659,1.68894,-0.0124093
-169.131,48.9625,1.65188,-0.0125664
-169.395,48.9532,1.65188,-0.0130376
-169.659,48.9447,1.65467,-0.0133518
-169.923,48.9371,1.60991,-0.0130376
-170.169,48.9215,1.60991,-0.0124093
-170.428,48.9154,1.63649,-0.0119381
-170.689,48.9095,1.6309,-0.0124093
-170.951,48.9038,1.6309,-0.0124093
-171.18,48.9033,1.64139,-0.0119381
-171.442,48.897,1.64139,-0.0116239
-171.705,48.8908,1.66516,-0.0109956
-171.971,48.8845,1.66516,-0.0105244
-172.172,48.8798,1.68894,-0.0094248
-172.43,48.8633,1.68894,-0.00753984
-172.635,48.8586,1.7309,-0.0070686
-172.842,48.8538,1.7309,-0.00596904
-173.049,48.8487,1.68335,-0.00581196
-173.251,48.8438,1.68335,-0.0054978
-173.453,48.839,1.68335,-0.00534072
-173.717,48.8383,1.68335,0.00188496
-173.919,48.8331,1.69174,0.00188496
-174.122,48.8275,1.69174,0.00267036
-174.324,48.8216,1.66237,0.00267036
-174.59,48.8134,1.66237,0.00958188
-174.847,48.8052,1.66027,0.00926772
-175.113,48.7952,1.63369,0.00911064
-175.375,48.7843,1.63369,0.00958188
-175.635,48.7719,1.6288,0.00973896
-175.892,48.7397,1.6288,0.00958188
-176.152,48.7256,1.626,0.00926772
-176.412,48.7102,1.60991,0.00691152
-176.669,48.6934,1.60991,-0.0015708
-176.926,48.6753,1.6232,-0.0147655
-177.164,48.6574,1.6232,-0.0290598
-177.421,48.6372,1.60222,-0.0296881
-177.677,48.6176,1.61551,-0.029374
-177.934,48.5991,1.61551,-0.029374
-178.184,48.5724,1.57355,-0.029374
-178.437,48.5579,1.57355,-0.0292169
-178.687,48.5447,1.54977,-0.0292169
-178.935,48.5325,1.54977,-0.0292169
-179.18,48.5216,1.52879,-0.0289027
-179.425,48.5159,1.50501,-0.0287456
-179.666,48.5082,1.50501,-0.0287456
-179.904,48.5016,1.45815,-0.0289027
-180.137,48.4964,1.45815,-0.0289027
-180.342,48.5204,1.44766,-0.0289027
-180.573,48.5176,1.42668,-0.0289027
-180.801,48.5158,1.42668,-0.0320443
-181.03,48.5149,1.44207,-0.0523076
-181.263,48.5062,1.42109,-0.0752413
-181.492,48.5079,1.42109,-0.0978608
-181.72,48.5125,1.44487,-0.121894
-181.951,48.521,1.44487,-0.141372
-182.202,48.5293,1.43997,-0.153938
-182.432,48.548,1.4134,-0.159436
-182.658,48.5734,1.4134,-0.161478
-182.882,48.6061,1.41899,-0.161792
-183.105,48.6464,1.41899,-0.174987
-183.322,48.7114,1.40011,-0.194622
-183.538,48.7676,1.33996,-0.210016
-183.745,48.8305,1.33996,-0.214414
-183.946,48.9018,1.3057,-0.216927
-184.137,48.9773,1.3057,-0.216927
-184.326,49.0644,1.3008,-0.216927
-184.511,49.16,1.27982,-0.214414
-184.689,49.2626,1.27982,-0.214414
-184.857,49.3826,1.29521,-0.214414
-185.026,49.5021,1.29521,-0.211744
-185.188,49.6282,1.27982,-0.211587
-185.344,49.7606,1.26933,-0.202476
-185.503,49.924,1.26933,-0.188653
-185.645,50.0698,1.28471,-0.171531
-185.783,50.2219,1.26933,-0.157865
-185.914,50.3772,1.26933,-0.138073
-186.041,50.5362,1.27982,-0.122994
-186.173,50.721,1.27982,-0.113726
-186.292,50.8866,1.26653,-0.0992746
-186.406,51.0538,1.25115,-0.0760267
-186.516,51.2214,1.25115,-0.0502656
-186.622,51.4008,1.21128,-0.017593
-186.753,51.6051,1.1959,0.0243474
-186.882,51.8072,1.1959,0.0722568
-187.012,52.0087,1.20359,0.131319
-187.15,52.204,1.15883,0.19745
-187.286,52.3916,1.13785,0.221483
-187.429,52.5693,1.13785,0.22164
-187.578,52.736,1.09589,0.221169
-187.749,52.8644,1.06442,0.221012
-187.909,53.0052,1.07771,0.220854
-188.077,53.1392,1.07771,0.219127
-188.252,53.2653,1.0833,0.218341
-188.437,53.3707,1.10638,0.21787
-188.629,53.4802,1.10918,0.217399
-188.827,53.5802,1.10918,0.217399
-189.045,53.5981,1.09379,0.219127
-189.25,53.6758,1.09869,0.231693
-189.459,53.7439,1.05183,0.251171
-189.672,53.8028,1.00427,0.282901
-189.87,53.8428,1.00427,0.316045
-190.104,53.8739,0.967907,0.346833
-190.327,53.8719,0.941332,0.357828
-190.55,53.8671,0.896573,0.359242
-190.759,53.8263,0.873494,0.361127
-190.965,53.786,0.865102,0.362855
-191.164,53.7297,0.844121,0.363169
-191.365,53.6521,0.831533,0.363169
-191.574,53.5505,0.844121,0.363169
-191.755,53.4458,0.873494,0.320914
-191.926,53.3258,0.883985,0.226666
-192.09,53.1923,0.883985,0.0933055
-192.249,53.0496,0.883985,0.0193208
-192.4,52.9034,0.873494,0.00282744
-192.546,52.7572,0.849716,-0.0212058
-192.669,52.594,0.810552,-0.0219912
-192.831,52.4341,0.81265,-0.0218341
-192.987,52.2803,0.749708,-0.0212058
-193.148,52.1297,0.668583,-0.0197921
-193.309,51.9749,0.579765,-0.00973896
-193.454,51.8368,0.545497,-0.00832524
-193.605,51.6914,0.33569,0.0606329
-193.774,51.5795,0.275546,0.242217
-193.924,51.4226,0.434999,0.250071
-194.056,51.2708,0.46647,0.374322
-194.184,51.0989,0.453881,0.39914
-194.294,50.9217,0.46647,0.39914
-194.414,50.7504,0.511228,0.370238
-194.491,50.5598,0.647603,0.353587
-194.561,50.3393,0.66089,0.353587
-194.61,50.1316,0.676276,0.35343
-194.642,49.914,0.695159,0.35343
-194.647,49.6975,0.684668,0.348403
-194.641,49.4782,0.692361,0.342591
-194.617,49.2571,0.707747,0.328768
-194.573,49.0599,0.73712,0.30772
-194.517,48.8576,0.773486,0.298609
-194.444,48.6532,0.776284,0.286514
-194.354,48.4549,0.776284,0.256983
-194.252,48.2595,0.800062,0.227452
-194.137,48.0697,0.786774,0.20389
-194.032,47.8652,0.789572,0.183627
-193.901,47.6887,0.781179,0.167919
-193.763,47.5177,0.789572,0.159122
-193.59,47.3645,0.783977,0.140115
-193.441,47.2,0.800062,0.126921
-193.286,47.0367,0.810552,0.126921
-193.126,46.8762,0.842023,0.126764
-192.982,46.7365,0.828735,0.125978
-192.835,46.5985,0.849716,0.125978
-192.676,46.4519,0.836428,0.126606
-192.524,46.3196,0.849716,0.127078
-192.367,46.1894,0.846919,0.116396
-192.208,46.063,0.846919,0.115454
-192.013,45.9446,0.867899,0.104615
-191.843,45.8219,0.89937,0.102573
-191.665,45.6991,0.891677,0.080425
-191.469,45.5789,0.949024,0.0691152
-191.277,45.4561,0.941332,0.068801
-191.085,45.3365,0.944129,0.0678586
-190.892,45.2234,0.944129,0.0678586
-190.69,45.107,0.980495,0.0678586
-190.484,44.9923,0.983293,0.0700577
-190.274,44.8793,1.00148,0.0604758
-190.092,44.7938,1.02525,0.076498
-189.909,44.7022,1.03085,0.0911064
-189.723,44.6132,1.03085,0.113098
-189.524,44.554,1.04344,0.134775
-189.33,44.4736,1.05393,0.130848
-189.134,44.3984,1.04134,0.101002
-188.932,44.3495,1.04134,0.084509
-188.731,44.2876,1.05183,0.0791683
-188.526,44.2295,1.0882,0.0763409
-188.315,44.1749,1.0882,0.0697435
-188.08,44.1459,1.14065,0.0592192
-187.859,44.0995,1.14065,0.0289027
-187.637,44.0572,1.11197,0.0307877
-187.442,44.0121,1.12246,0.037385
-187.22,43.9758,1.12246,0.0523076
-186.995,43.9416,1.15114,0.0780688
-186.767,43.9107,1.13295,0.0788542
-186.558,43.8878,1.14065,0.0966042
-186.331,43.8651,1.14065,0.0876506
-186.101,43.8481,1.16163,0.0662878
-185.874,43.8382,1.22177,0.0584338
-185.63,43.8316,1.20918,0.0571771
-185.388,43.8297,1.20918,0.0455532
-185.177,43.8307,1.20918,0.0237191
-184.934,43.8364,1.23226,0.0070686
-184.687,43.8444,1.22457,0.00282744
-184.442,43.8536,1.22457,0.00282744
-184.242,43.8672,1.21128,0.00282744
-183.999,43.8767,1.24555,0.00455532
-183.75,43.8879,1.23506,0.00486948
-183.543,43.8987,1.23506,0.00486948
-183.295,43.9115,1.24275,0.00486948
-183.047,43.9252,1.25324,0.00486948
-182.847,43.9368,1.25324,0.00486948
-182.604,43.9478,1.27213,0.00534072
-182.4,43.9605,1.28751,0.0094248
-182.195,43.9733,1.28751,0.0133518
-181.989,43.9867,1.29311,0.0152368
-181.775,44.0061,1.29311,0.0152368
-181.564,44.0196,1.34276,0.0152368
-181.35,44.0336,1.34276,0.0153938
-181.135,44.0482,1.34276,0.0153938
-180.927,44.0748,1.36864,0.0155509
-180.709,44.0916,1.36864,0.0155509
-180.493,44.1091,1.33996,0.0155509
-180.28,44.1272,1.33507,0.0150797
-180.052,44.1482,1.33507,0.0149226
-179.84,44.1687,1.32178,0.00644028
-179.629,44.1899,1.32178,-0.00062832
-179.418,44.2117,1.33227,-0.011781
-179.185,44.2235,1.31129,-0.0230908
-178.976,44.245,1.31129,-0.0249757
-178.767,44.266,1.31898,-0.0259182
-178.556,44.2866,1.32178,-0.0259182
-178.346,44.3067,1.32178,-0.0259182
-178.122,44.3212,1.32458,-0.0259182
-177.911,44.3384,1.32458,-0.025604
-177.697,44.3547,1.35325,-0.0241903
-177.481,44.37,1.32947,-0.0223054
-177.252,44.3699,1.32947,-0.0207346
-177.039,44.3836,1.34766,-0.0114668
-176.824,44.3969,1.34556,-0.00408408
-176.617,44.4186,1.34556,0.00753984
-176.402,44.4306,1.37143,0.0135089
-176.183,44.443,1.37143,0.0135089
-175.965,44.4559,1.35815,0.0130376
-175.737,44.4777,1.34276,0.0119381
-175.522,44.4918,1.34276,0.00612612
-175.307,44.5069,1.36374,-0.00895356
-175.09,44.5229,1.36374,-0.0146084
-174.87,44.5409,1.36864,-0.0149226
-174.651,44.5576,1.36654,-0.0150797
-174.432,44.5744,1.36654,-0.0150797
-174.214,44.591,1.35325,-0.0191638
-173.995,44.6038,1.35325,-0.0194779
-173.778,44.6184,1.35605,-0.0194779
-173.562,44.6326,1.35605,-0.0194779
-173.345,44.6466,1.35605,-0.0191638
-173.141,44.6595,1.34766,-0.0183784
-172.926,44.6713,1.34766,-0.0183784
-172.708,44.683,1.37143,-0.0182213
-172.489,44.6945,1.36374,-0.0182213
-172.255,44.7,1.36374,-0.0182213
-172.035,44.7125,1.40291,-0.0182213
-171.811,44.7249,1.42948,-0.0180642
-171.584,44.7373,1.42948,-0.0179071
-171.356,44.7499,1.41619,-0.0179071
-171.129,44.7621,1.41619,-0.017593
-170.901,44.7741,1.45815,-0.0149226
-170.668,44.786,1.45536,-0.0142943
-170.435,44.7975,1.45536,-0.0116239
-170.194,44.7846,1.48403,-0.0113098
-169.957,44.7928,1.48403,-0.00958188
-169.72,44.8009,1.47634,-0.00691152
-169.484,44.8091,1.48403,-0.00691152
-169.237,44.8087,1.48403,-0.00769692
-169,44.8166,1.50501,-0.00769692
-168.759,44.8249,1.50501,-0.00769692
-168.519,44.8338,1.50012,-0.00769692
-168.305,44.8471,1.48683,-0.00769692
-168.067,44.8564,1.48683,-0.00769692
-167.829,44.8657,1.48683,-0.00753984
-167.587,44.8811,1.48683,-0.00753984
-167.349,44.8908,1.49452,-0.00753984
-167.11,44.9007,1.49242,-0.00753984
-166.871,44.9107,1.49242,-0.00753984
-166.645,44.9233,1.49452,-0.00753984
-166.406,44.9332,1.49452,-0.00738276
-166.166,44.9431,1.50501,-0.00738276
-165.926,44.9529,1.50291,-0.00738276
-165.685,44.9628,1.50291,-0.00738276
-165.47,44.9621,1.50781,-0.00753984
-165.229,44.9718,1.50781,-0.00753984
-164.989,44.9817,1.48963,-0.007854
-164.751,44.9917,1.49452,-0.007854
-164.536,45.0051,1.49452,-0.007854
-164.298,45.015,1.48193,-0.00801108
-164.061,45.025,1.48193,-0.00801108
-163.823,45.0348,1.50012,-0.00801108
-163.622,45.0486,1.50012,-0.00801108
-163.38,45.0574,1.5134,-0.00801108
-163.138,45.066,1.52879,-0.00801108
-162.894,45.0748,1.52879,-0.00801108
-162.65,45.0836,1.5155,-0.00801108
-162.392,45.0984,1.5155,-0.007854
-162.148,45.107,1.53159,-0.007854
-161.904,45.1159,1.54208,-0.007854
-161.657,45.1247,1.54208,-0.007854
-161.433,45.134,1.54208,-0.007854
-161.186,45.1438,1.54208,-0.007854
-160.94,45.1537,1.53159,-0.00753984
-160.696,45.1638,1.53648,-0.00753984
-160.492,45.1673,1.53648,-0.00753984
-160.246,45.1776,1.56306,-0.007854
-159.996,45.1883,1.56306,-0.0139801
-159.746,45.1991,1.56586,-0.0172788
-159.493,45.2131,1.55257,-0.0172788
-159.245,45.2233,1.55257,-0.0174359
-158.996,45.2333,1.56026,-0.0174359
-158.747,45.243,1.56026,-0.0174359
-158.5,45.2484,1.57075,-0.0172788
-158.249,45.2571,1.54977,-0.0172788
-158,45.2654,1.54977,-0.0171217
-157.752,45.2733,1.55746,-0.0171217
-157.527,45.2868,1.55746,-0.0166505
-157.277,45.2928,1.56026,-0.0166505
-157.028,45.2984,1.55537,-0.0161792
-156.779,45.3034,1.55537,-0.0161792
-156.53,45.3077,1.54487,-0.0161792
-156.301,45.3186,1.54487,-0.0161792
-156.055,45.3227,1.53159,-0.0131947
-155.81,45.3265,1.54208,-0.00659736
-155.563,45.33,1.54208,-0.00361284
-155.307,45.334,1.53928,-0.00361284
-155.061,45.338,1.53928,0.00188496
-154.816,45.3421,1.52599,0.00581196
-154.571,45.3468,1.53928,0.00612612
-154.312,45.3555,1.53928,0.0062832
-154.066,45.3619,1.54697,0.0062832
-153.818,45.3691,1.54697,0.0062832
-153.572,45.3772,1.53648,0.00769692
-153.334,45.3958,1.54487,0.0127235
-153.087,45.4059,1.54487,0.0179071
-152.839,45.4167,1.56026,0.0179071
-152.59,45.4288,1.56026,0.0153938
-152.328,45.4382,1.56026,-0.00251328
-152.079,45.4533,1.56795,-0.015708
-151.829,45.4691,1.56795,-0.0204204
-151.579,45.4846,1.56026,-0.0309448
-151.362,45.4893,1.56026,-0.0317302
-151.112,45.5049,1.57844,-0.0317302
-150.86,45.5192,1.59453,-0.0317302
-150.605,45.5322,1.59453,-0.0317302
-150.373,45.5342,1.60782,-0.031416
-150.116,45.543,1.60782,-0.0265465
-149.859,45.5509,1.59942,-0.0232478
-149.603,45.5583,1.58404,-0.0232478
-149.401,45.5634,1.58404,-0.0232478
-149.148,45.5684,1.57844,-0.0230908
-148.895,45.5726,1.57844,-0.0208916
-148.643,45.5761,1.56795,-0.0146084
-148.41,45.5737,1.56795,-0.0070686
-148.158,45.5767,1.58124,0.00094248
-147.905,45.5796,1.59453,0.00926772
-147.65,45.5828,1.59453,0.0124093
-147.409,45.5891,1.57844,0.0122522
-147.156,45.5937,1.57844,0.0100531
-146.903,45.5992,1.58404,0.0100531
-146.65,45.6062,1.56795,0.0100531
-146.405,45.6217,1.56795,0.0023562
-146.152,45.6328,1.60502,-0.00062832
-145.896,45.645,1.60502,-0.00062832
-145.639,45.6578,1.60502,-0.0007854
-145.438,45.6655,1.57844,-0.0007854
-145.185,45.6787,1.57844,-0.0007854
-144.932,45.6921,1.58684,-0.00172788
-144.679,45.706,1.58684,-0.00329868
-144.422,45.728,1.57075,-0.00958188
-144.171,45.7432,1.55746,-0.013666
-143.922,45.7583,1.55746,-0.013823
-143.673,45.7733,1.56586,-0.013823
-143.437,45.7823,1.56586,-0.013666
-143.187,45.7981,1.57075,-0.013666
-142.936,45.8139,1.59942,-0.0131947
-142.681,45.8297,1.59942,-0.0130376
-142.433,45.844,1.58893,-0.0131947
-142.179,45.8586,1.58893,-0.0131947
-141.924,45.8734,1.60502,-0.0135089
-141.667,45.8886,1.59942,-0.015708
-141.454,45.8971,1.59942,-0.0193208
-141.198,45.9129,1.61551,-0.0248186
-140.941,45.9285,1.61551,-0.025604
-140.683,45.9436,1.59942,-0.025604
-140.427,45.9548,1.59942,-0.025604
-140.172,45.9689,1.59942,-0.0257611
-139.916,45.9824,1.61271,-0.0267036
-139.658,45.9948,1.61271,-0.0262324
-139.403,45.9937,1.60991,-0.0262324
-139.145,46.0051,1.60222,-0.0260753
-138.889,46.0159,1.60222,-0.0259182
-138.633,46.0263,1.59733,-0.025447
-138.388,46.0405,1.59733,-0.025447
-138.13,46.0482,1.61831,-0.0252899
-137.871,46.0549,1.61551,-0.0252899
-137.613,46.0608,1.61551,-0.0249757
-137.403,46.0696,1.60991,-0.0221483
-137.146,46.0747,1.60991,-0.017593
-136.888,46.0797,1.60782,-0.015708
-136.631,46.0845,1.60782,-0.015708
-136.374,46.089,1.60502,-0.0149226
-136.167,46.0958,1.58404,-0.013666
-135.913,46.0999,1.58404,-0.0054978
-135.659,46.1042,1.60502,-0.0031416
-135.402,46.1089,1.60502,-0.0031416
-135.17,46.1334,1.61551,-0.0031416
-134.911,46.1393,1.626,-0.0031416
-134.651,46.1457,1.626,-0.00329868
-134.392,46.1526,1.58893,-0.00361284
-134.12,46.1617,1.58893,-0.00361284
-133.864,46.1698,1.60991,-0.00361284
-133.607,46.1794,1.60991,-0.00439824
-133.35,46.19,1.60991,-0.00486948
-133.149,46.197,1.59942,-0.00832524
-132.893,46.2086,1.59942,-0.00801108
-132.636,46.2209,1.61831,-0.00801108
-132.378,46.2339,1.61831,-0.00926772
-132.119,46.2477,1.62041,-0.0208916
-131.857,46.2547,1.6232,-0.0300023
-131.598,46.2697,1.6232,-0.0300023
-131.34,46.2836,1.60782,-0.0289027
-131.083,46.2968,1.59173,-0.0289027
-130.796,46.2972,1.59173,-0.0289027
-130.541,46.3092,1.60782,-0.0287456
-130.284,46.3203,1.60782,-0.0287456
-130.027,46.3308,1.60502,-0.0282744
-129.783,46.3462,1.58404,-0.0257611
-129.529,46.3544,1.58404,-0.0218341
-129.276,46.3617,1.59453,-0.0191638
-129.021,46.3685,1.59453,-0.0190067
-128.789,46.3847,1.59453,-0.0183784
-128.534,46.3908,1.59173,-0.0183784
-128.279,46.3964,1.59173,-0.0163363
-128.024,46.4017,1.60782,-0.0102102
-127.769,46.4075,1.60782,-0.00486948
-127.513,46.4129,1.59733,-0.00251328
-127.257,46.4187,1.59453,-0.00267036
-127.002,46.4252,1.59453,-0.00282744
-126.799,46.4419,1.61271,-0.0031416
-126.542,46.4497,1.61271,-0.00361284
-126.283,46.458,1.626,-0.00361284
-126.023,46.4668,1.626,-0.00282744
-125.765,46.4745,1.60782,-0.00361284
-125.508,46.485,1.59733,-0.00361284
-125.253,46.4962,1.59733,-0.00361284
-124.998,46.5084,1.59173,-0.00455532
-124.75,46.519,1.59173,-0.007854
-124.493,46.5337,1.59173,-0.0106814
-124.241,46.5485,1.57355,-0.0114668
-123.989,46.5633,1.57355,-0.0131947
-123.733,46.5669,1.57635,-0.0241903
-123.481,46.5812,1.57844,-0.0369138
-123.229,46.5953,1.57844,-0.047124
-122.977,46.6083,1.56586,-0.0515222
-122.728,46.6186,1.56586,-0.0515222
-122.479,46.6273,1.53928,-0.0513652
-122.233,46.6331,1.54208,-0.047124
-121.986,46.636,1.54208,-0.037228
-121.785,46.6294,1.54977,-0.0296881
-121.538,46.6271,1.54977,-0.0120952
-121.29,46.6234,1.53928,0.00219912
-121.044,46.6191,1.53928,0.007854
-120.796,46.6149,1.54977,0.0430399
-120.553,46.6139,1.59173,0.0464957
-120.3,46.6094,1.59173,0.0436682
-120.048,46.6073,1.54487,0.0210487
-119.791,46.6209,1.54487,-0.00534072
-119.545,46.6238,1.52599,-0.0408408
-119.301,46.627,1.58124,-0.0422545
-119.05,46.6301,1.58124,-0.0422545
-118.797,46.6316,1.57635,-0.0384846
-118.577,46.6443,1.57635,-0.0364426
-118.328,46.6408,1.53648,-0.033301
-118.082,46.6357,1.56795,-0.0260753
-117.8,46.6185,1.56795,-0.0259182
-117.546,46.6108,1.6288,-0.0257611
-117.286,46.602,1.6288,-0.0257611
-117.02,46.5925,1.68335,-0.0262324
-116.819,46.5856,1.71482,-0.0267036
-116.615,46.5778,1.71482,-0.031416
-116.409,46.5702,1.71482,-0.0488519
-116.202,46.5627,1.74419,-0.0705289
-115.992,46.5545,1.74419,-0.0868652
-115.783,46.545,1.75678,-0.0911064
-115.56,46.5477,1.75678,-0.0904781
-115.351,46.535,1.74139,-0.0904781
-115.142,46.5199,1.74139,-0.0904781
-114.934,46.5022,1.7337,-0.0904781
-114.727,46.4814,1.7337,-0.0904781
-114.518,46.4534,1.72321,-0.0904781
-114.313,46.4263,1.72321,-0.0909493
-114.109,46.3964,1.74629,-0.0914206
-113.902,46.3634,1.74629,-0.0918918
-113.696,46.3277,1.68614,-0.0973896
-113.437,46.2914,1.68614,-0.104144
-113.239,46.2501,1.68614,-0.110584
-113.04,46.2057,1.70992,-0.115454
-112.841,46.1575,1.70992,-0.115454
-112.643,46.1063,1.66027,-0.115454
-112.447,46.0377,1.66027,-0.115454
-112.19,45.9634,1.70433,-0.115297
-111.995,45.9023,1.70433,-0.115297
-111.802,45.8375,1.66237,-0.115297
-111.562,45.7381,1.66237,-0.113883
-111.317,45.6415,1.60991,-0.113255
-111.08,45.541,1.59453,-0.113098
-110.847,45.4358,1.59453,-0.111684
-110.659,45.3582,1.57635,-0.103044
-110.432,45.2457,1.57635,-0.0944051
-110.208,45.1289,1.58684,-0.0889073
-109.985,45.0077,1.58684,-0.0796396
-109.784,44.8846,1.58404,-0.0606329
-109.565,44.7581,1.57355,-0.0501085
-109.348,44.63,1.57355,-0.0449249
-109.131,44.4998,1.59733,-0.0306306
-108.912,44.3674,1.59733,-0.0245045
-108.689,44.267,1.58124,-0.0245045
-108.473,44.1356,1.55537,-0.0245045
-108.261,44.0056,1.55537,-0.0245045
-108.048,43.8749,1.58124,-0.0245045
-107.868,43.7812,1.58124,-0.0243474
-107.653,43.6501,1.56795,-0.0243474
-107.438,43.5196,1.56026,-0.0243474
-107.225,43.3894,1.56026,-0.0218341
-107.038,43.2567,1.57844,-0.0205775
-106.824,43.1234,1.57844,-0.0205775
-106.61,42.9898,1.56306,-0.0205775
-106.399,42.8568,1.55746,-0.0207346
-106.177,42.7116,1.55746,-0.02152
-105.966,42.5783,1.57635,-0.021677
-105.753,42.4437,1.57635,-0.0210487
-105.54,42.3092,1.56795,-0.02152
-105.329,42.1749,1.56026,-0.021677
-105.105,42.0508,1.56026,-0.0221483
-104.893,41.9168,1.58404,-0.0227766
-104.678,41.7814,1.58404,-0.0227766
-104.465,41.6463,1.57075,-0.0227766
-104.27,41.5158,1.57075,-0.0243474
-104.058,41.3805,1.57075,-0.0243474
-103.848,41.245,1.55537,-0.0243474
-103.639,41.1096,1.55537,-0.0234049
-103.417,40.9697,1.54697,-0.00439824
-103.21,40.8337,1.53928,-0.0023562
-103.005,40.6983,1.53928,-0.00109956
-102.799,40.5635,1.53159,0
-102.594,40.4297,1.49452,0.0127235
-102.417,40.3024,1.49452,0.0252899
-102.216,40.173,1.47634,0.0403696
-102.017,40.0456,1.47634,0.041312
-101.816,39.9191,1.50781,0.0414691
-101.591,39.7906,1.5134,0.041155
-101.383,39.6664,1.5134,0.0409979
-101.174,39.5439,1.54487,0.0409979
-100.959,39.4218,1.54487,0.0331439
-100.742,39.3019,1.55537,0.0358142
-100.55,39.2087,1.55537,0.041155
-100.33,39.0946,1.53648,0.0419404
-100.111,38.9836,1.54697,0.0475952
-99.8889,38.8753,1.54697,0.0601616
-99.684,38.7649,1.52599,0.0808962
-99.4611,38.6652,1.52599,0.105244
-99.2361,38.5703,1.52599,0.133675
-99.0088,38.4816,1.50501,0.165719
-98.7614,38.4074,1.50501,0.176558
-98.5312,38.3385,1.49452,0.175773
-98.2991,38.2809,1.49452,0.158337
-98.0659,38.2352,1.47914,0.118595
-97.85,38.2079,1.49242,0.0912635
-97.6126,38.1855,1.49242,0.0567059
-97.374,38.1709,1.49732,0.0301594
-97.1347,38.1621,1.49732,0.0279602
-96.8907,38.1426,1.48963,0.0271748
-96.6524,38.1401,1.50012,0.0271748
-96.4128,38.1405,1.50012,0.0262324
-96.1725,38.1435,1.50501,0.0262324
-95.9557,38.1306,1.50501,0.0260753
-95.7164,38.1352,1.47634,0.0226195
-95.4802,38.1418,1.47144,0.0205775
-95.2448,38.1507,1.47144,0.0161792
-94.9877,38.152,1.47914,0.0119381
-94.7515,38.165,1.47914,-0.00251328
-94.5165,38.1791,1.45536,-0.0180642
-94.2841,38.1937,1.47634,-0.0191638
-94.0643,38.2113,1.47634,-0.0191638
-93.8285,38.2258,1.47914,-0.0191638
-93.5924,38.2402,1.47914,-0.0190067
-93.3551,38.2543,1.49732,-0.0185354
-93.1097,38.2592,1.53159,-0.0185354
-92.8661,38.273,1.53159,-0.0185354
-92.6214,38.2868,1.53438,-0.0183784
-92.3762,38.3003,1.53438,-0.0180642
-92.1401,38.3162,1.54697,-0.01775
-91.893,38.3306,1.57355,-0.013666
-91.6424,38.3451,1.57355,-0.0105244
-91.3913,38.3595,1.56026,-0.0105244
-91.1419,38.374,1.56026,-0.0105244
-90.9219,38.3801,1.59942,-0.0105244
-90.6665,38.3951,1.59453,-0.0105244
-90.4114,38.4105,1.59453,-0.0109956
-90.1566,38.4262,1.59942,-0.0109956
-89.9297,38.4529,1.59942,-0.0109956
-89.6733,38.469,1.60991,-0.0109956
-89.4163,38.4858,1.59173,-0.0106814
-89.1419,38.499,1.59173,-0.0106814
-88.8882,38.5173,1.57355,-0.0102102
-88.6369,38.536,1.57355,-0.00753984
-88.3872,38.5551,1.54697,-0.00753984
-88.1391,38.5747,1.56795,-0.00801108
-87.8896,38.5948,1.56795,-0.00848232
-87.6396,38.6156,1.57355,-0.0102102
-87.3887,38.637,1.57355,-0.0146084
-87.1513,38.6588,1.58893,-0.0174359
-86.8981,38.6804,1.60782,-0.0174359
-86.6423,38.7026,1.60782,-0.0213629
-86.3859,38.725,1.61271,-0.0303164
-86.0973,38.7334,1.61271,-0.0311018
-85.8413,38.7548,1.59942,-0.0304735
-85.5862,38.7757,1.60222,-0.0303164
-85.3307,38.796,1.60222,-0.0303164
-85.1124,38.8184,1.60991,-0.027489
-84.8555,38.8369,1.60991,-0.027489
-84.6004,38.8547,1.58893,-0.027489
-84.3468,38.8718,1.61551,-0.027489
-84.109,38.8963,1.61551,-0.0265465
-83.8516,38.9129,1.60502,-0.025447
-83.5953,38.9291,1.60502,-0.0246616
-83.3373,38.945,1.6232,-0.0246616
-83.0865,38.9553,1.6232,-0.0246616
-82.8273,38.9713,1.6232,-0.0245045
-82.5683,38.9876,1.62041,-0.0249757
-82.3095,39.004,1.63369,-0.0249757
-82.0507,39.0155,1.63369,-0.0245045
-81.7897,39.0315,1.63649,-0.0226195
-81.5283,39.0469,1.63649,-0.0223054
-81.267,39.0618,1.63369,-0.0219912
-81.0385,39.0684,1.63369,-0.0219912
-80.7782,39.0825,1.62041,-0.0219912
-80.5193,39.0964,1.6288,-0.0219912
-80.2593,39.1105,1.6288,-0.0146084
-80.0015,39.1245,1.6309,-0.015708
-79.7409,39.1379,1.6309,-0.015708
-79.4824,39.1515,1.60782,-0.015708
-79.2255,39.1652,1.626,-0.015708
-79.0004,39.1799,1.626,-0.0155509
-78.7406,39.195,1.6309,-0.0146084
-78.4801,39.2106,1.6309,-0.0139801
-78.2184,39.2262,1.64418,-0.0139801
-77.9962,39.2404,1.64418,-0.0130376
-77.7321,39.2566,1.66027,-0.0130376
-77.4674,39.2732,1.64139,-0.0130376
-77.2051,39.2902,1.64139,-0.0130376
-76.9879,39.3047,1.65747,-0.0113098
-76.7234,39.3225,1.65747,-0.0149226
-76.4609,39.3404,1.61831,-0.0086394
-76.2025,39.3585,1.60782,-0.00832524
-75.9986,39.3728,1.60782,-0.00282744
-75.742,39.3913,1.59942,-0.0031416
-75.4866,39.41,1.59942,-0.00298452
-75.2303,39.4294,1.62041,-0.00565488
-74.9791,39.4387,1.62041,-0.00832524
-74.717,39.4603,1.66237,-0.0230908
-74.452,39.4826,1.66796,-0.0262324
-74.2527,39.4995,1.66796,-0.0301594
-74.0532,39.5162,1.69384,-0.0301594
-73.794,39.5275,1.69384,-0.0301594
-73.5914,39.5438,1.65467,-0.0300023
-73.3262,39.5647,1.65467,-0.0298452
-73.0611,39.5848,1.67565,-0.029374
-72.8597,39.5959,1.67565,-0.0284315
-72.6597,39.6088,1.64139,-0.0284315
-72.3971,39.6252,1.64139,-0.0281173
-72.1329,39.6413,1.68125,-0.025604
-71.9316,39.6531,1.68125,-0.0252899
-71.7172,39.6677,1.67565,-0.0252899
-71.5164,39.6783,1.67565,-0.0252899
-71.3155,39.6886,1.67845,-0.0249757
-71.1143,39.6986,1.67845,-0.0249757
-70.9131,39.7082,1.70992,-0.0249757
-70.6933,39.7387,1.70992,-0.0193208
-70.4883,39.748,1.69943,-0.0102102
-70.2842,39.757,1.69943,-0.0105244
-70.0804,39.7663,1.69943,-0.0105244
-69.8776,39.7757,1.68335,-0.0102102
-69.6682,39.7867,1.68335,-0.00973896
-69.4666,39.7971,1.67565,-0.00973896
-69.2657,39.8077,1.67565,-0.00973896
-69.065,39.8188,1.67286,-0.00722568
-68.8646,39.8303,1.67286,-0.00753984
-68.6642,39.8419,1.68894,-0.007854
-68.4199,39.8558,1.68894,-0.007854
-68.218,39.8686,1.67076,-0.0114668
-68.0177,39.8819,1.67076,-0.0131947
-67.8177,39.8956,1.66796,-0.0130376
-67.618,39.9095,1.66796,-0.0139801
-67.3682,39.9244,1.64139,-0.0131947
-67.1061,39.9443,1.64139,-0.0131947
-66.8437,39.9646,1.65188,-0.0131947
-66.5967,39.9803,1.6309,-0.0133518
-66.335,40.0004,1.6309,-0.0141372
-66.0747,40.0206,1.63929,-0.0161792
-65.8133,40.041,1.63929,-0.0191638
-65.5499,40.0583,1.65188,-0.0212058
-65.2866,40.079,1.63369,-0.0213629
-65.0254,40.0993,1.63369,-0.0234049
-64.7648,40.1196,1.63369,-0.027489
-64.5098,40.1301,1.63369,-0.0345576
-64.2488,40.1497,1.63929,-0.0376992
-63.9873,40.1689,1.62041,-0.0375421
-63.7281,40.1872,1.62041,-0.0375421
-63.526,40.198,1.59453,-0.037385
-63.2706,40.2135,1.59453,-0.037385
-63.0162,40.2279,1.58893,-0.0328297
-62.7623,40.2412,1.58893,-0.025447
-62.5149,40.2548,1.60502,-0.02152
-62.2584,40.2663,1.626,-0.0201062
-61.9991,40.2776,1.626,-0.0197921
-61.7397,40.2888,1.61831,-0.0191638
-61.483,40.2982,1.61831,-0.0179071
-61.2215,40.3098,1.64978,-0.017593
-60.9576,40.3217,1.66237,-0.0171217
-60.6921,40.3341,1.66237,-0.0171217
-60.4864,40.3492,1.66516,-0.0158651
-60.2203,40.3618,1.66516,-0.0144514
-60.0205,40.3713,1.67076,-0.0131947
-59.8204,40.3811,1.67076,-0.0128806
-59.6197,40.3912,1.68894,-0.0127235
-59.3548,40.4078,1.68894,-0.0127235
-59.1525,40.4179,1.68125,-0.0119381
-58.9509,40.4281,1.68125,-0.00879648
-58.7494,40.4385,1.68125,-0.00486948
-58.5347,40.4475,1.68125,-0.00188496
-58.3333,40.4599,1.68894,-0.00172788
-58.1312,40.4729,1.68894,-0.0015708
-57.929,40.4863,1.68894,-0.0015708
-57.7268,40.5002,1.68894,-0.00219912
-57.4799,40.5084,1.64418,-0.00267036
-57.2161,40.5277,1.64418,-0.00267036
-56.9535,40.5476,1.65747,-0.00267036
-56.6893,40.5681,1.65747,-0.00282744
-56.4696,40.5996,1.63369,-0.0031416
-56.2091,40.6215,1.63369,-0.00486948
-55.9484,40.6443,1.63649,-0.00455532
-55.6876,40.6677,1.63649,-0.00486948
-55.4197,40.7006,1.63649,-0.00486948
-55.1576,40.7246,1.66237,-0.00518364
-54.8929,40.7497,1.66237,-0.00832524
-54.6938,40.7692,1.67286,-0.013823
-54.494,40.7892,1.67286,-0.0169646
-54.2364,40.8068,1.63929,-0.0169646
-53.9754,40.8332,1.64418,-0.0174359
-53.7139,40.8598,1.64418,-0.019635
-53.4521,40.8869,1.64698,-0.0265465
-53.2197,40.913,1.64698,-0.0328297
-52.9576,40.9399,1.64698,-0.0339293
-52.6954,40.9664,1.66516,-0.0339293
-52.4308,40.9923,1.66516,-0.0339293
-52.1952,41.0094,1.67076,-0.0336151
-51.9958,41.028,1.67076,-0.0336151
-51.796,41.0461,1.67286,-0.0336151
-51.5962,41.0639,1.67286,-0.033458
-51.3963,41.0815,1.67286,-0.033458
-51.1925,41.094,1.66237,-0.0331439
-50.9274,41.1167,1.65467,-0.0325156
-50.6633,41.1387,1.65467,-0.0323585
-50.3995,41.1601,1.65188,-0.0318872
-50.1791,41.171,1.65188,-0.0318872
-49.916,41.1912,1.6232,-0.0311018
-49.6568,41.2105,1.6232,-0.0307877
-49.3978,41.2296,1.6232,-0.027489
-49.1462,41.2425,1.6309,-0.0268607
-48.8861,41.2606,1.6309,-0.0268607
-48.6255,41.278,1.63649,-0.0267036
-48.3642,41.2951,1.63649,-0.0267036
-48.1023,41.313,1.63929,-0.0267036
-47.8402,41.3296,1.65747,-0.0268607
-47.5757,41.3461,1.65747,-0.0270178
-47.3118,41.3623,1.64139,-0.0271748
-47.0476,41.3838,1.63369,-0.0268607
-46.7862,41.4003,1.63369,-0.0257611
-46.5251,41.4166,1.64698,-0.0257611
-46.2622,41.4331,1.64698,-0.0251328
-46.06,41.4501,1.6309,-0.0227766
-45.7994,41.466,1.6309,-0.0205775
-45.5374,41.4815,1.64698,-0.0188496
-45.2745,41.4975,1.63369,-0.0149226
-45.0146,41.5109,1.63369,-0.0114668
-44.7535,41.5275,1.64698,-0.0135089
-44.4907,41.5446,1.64698,-0.013666
-44.2304,41.5619,1.61831,-0.00989604
-43.941,41.5977,1.61831,-0.00958188
-43.6827,41.6159,1.61831,-0.00973896
-43.4227,41.6347,1.65188,-0.0100531
-43.1593,41.6545,1.65188,-0.00973896
-42.9027,41.6683,1.64698,-0.00926772
-42.6397,41.6882,1.65747,-0.0109956
-42.3754,41.7088,1.65747,-0.0109956
-42.1088,41.7302,1.69943,-0.0100531
-41.9057,41.7468,1.69943,-0.0133518
-41.6861,41.7706,1.70713,-0.0152368
-41.4821,41.7887,1.70713,-0.0190067
-41.2788,41.8069,1.66796,-0.0265465
-41.079,41.8249,1.66796,-0.0331439
-40.8797,41.8429,1.68614,-0.0337722
-40.613,41.8539,1.68614,-0.0339293
-40.4114,41.8712,1.66027,-0.0340864
-40.212,41.888,1.66027,-0.0339293
-39.9478,41.9098,1.63929,-0.0339293
-39.6861,41.9307,1.63929,-0.0345576
-39.4345,41.9483,1.65467,-0.0345576
-39.1705,41.9675,1.66516,-0.0344005
-38.905,41.9861,1.66516,-0.0344005
-38.6398,42.0038,1.63369,-0.0345576
-38.4346,42.0107,1.63369,-0.0345576
-38.1734,42.0292,1.64418,-0.0345576
-37.9109,42.047,1.64418,-0.0344005
-37.6505,42.0636,1.62041,-0.0340864
-37.4083,42.0633,1.60502,-0.0336151
-37.1513,42.075,1.60502,-0.033301
-36.8974,42.0851,1.55537,-0.0331439
-36.6486,42.0937,1.45815,-0.0318872
-36.423,42.093,1.45815,-0.0311018
-36.1908,42.0986,1.40011,-0.0306306
-35.9665,42.1033,1.40011,-0.0292169
-35.745,42.1069,1.35605,-0.0290598
-35.5084,42.1193,1.29031,-0.0290598
-35.3001,42.1208,1.29031,-0.0292169
-35.0946,42.1213,1.25324,-0.0270178
-34.8939,42.1209,1.25324,-0.0270178
-34.6912,42.1259,1.24555,-0.0270178
-34.4432,42.1242,1.20359,-0.0263894
-34.2023,42.1215,1.24275,-0.0262324
-33.9567,42.1178,1.24275,-0.0212058
-33.7279,42.1324,1.26164,-0.0191638
-33.5262,42.1278,1.25604,-0.0190067
-33.3252,42.123,1.25604,-0.0190067
-33.0789,42.1162,1.20639,-0.0183784
-32.8347,42.0988,1.17771,-0.0180642
-32.5992,42.0917,1.14345,-0.0179071
-32.3684,42.0845,1.14345,-0.0179071
-32.1405,42.0707,1.11687,-0.0152368
-31.9178,42.0643,1.09869,-0.0152368
-31.6981,42.0577,1.09099,-0.0152368
-31.4799,42.0508,1.09099,-0.0150797
-31.2788,42.0455,1.0882,-0.0149226
-31.062,42.0387,1.06232,-0.0142943
-30.8495,42.0322,1.10428,-0.0100531
-30.6423,42.0212,1.10428,-0.00486948
-30.4197,42.0173,1.12526,-0.00329868
-30.1936,42.0134,1.14624,-0.0007854
-29.9645,42.0095,1.17492,-0.00062832
-29.764,41.9987,1.17492,-0.00062832
-29.5288,41.992,1.17981,-0.00062832
-29.2925,41.9856,1.20079,-0.00062832
-29.0526,41.9795,1.1959,-0.00094248
-28.8054,41.9689,1.1959,-0.00094248
-28.563,41.9652,1.23017,-0.00094248
-28.317,41.9621,1.23017,-0.0015708
-28.0978,41.9613,1.23017,-0.00267036
-27.8527,41.9565,1.22177,-0.00267036
-27.6059,41.952,1.26933,-0.00282744
-27.4029,41.9488,1.24275,-0.00486948
-27.2014,41.9471,1.24275,-0.0054978
-26.9528,41.9442,1.24275,-0.00565488
-26.7043,41.9417,1.25324,-0.00565488
-26.504,41.9398,1.25324,-0.0114668
-26.3012,41.934,1.27702,-0.0260753
-26.0972,41.9345,1.25604,-0.0287456
-25.896,41.9345,1.25604,-0.0289027
-25.6938,41.9328,1.27213,-0.0287456
-25.4902,41.9313,1.3057,-0.0279602
-25.2823,41.9293,1.3057,-0.0278032
-25.0728,41.9268,1.33227,-0.0278032
-24.8598,41.9239,1.33227,-0.0271748
-24.6429,41.9188,1.37143,-0.0271748
-24.4235,41.9145,1.38472,-0.0271748
-24.2023,41.9097,1.38472,-0.0271748
-23.9805,41.9045,1.39521,-0.0262324
-23.7557,41.8991,1.39521,-0.0262324
-23.5317,41.893,1.40291,-0.029374
-23.3073,41.8865,1.38962,-0.0358142
-23.0846,41.8797,1.38962,-0.0468098
-22.8496,41.8295,1.4134,-0.0634603
-22.6236,41.8228,1.4134,-0.0775975
-22.399,41.8145,1.39801,-0.084509
-22.1755,41.8038,1.39242,-0.0849803
-21.9535,41.7893,1.39242,-0.0834095
-21.7299,41.772,1.41899,-0.0832524
-21.5039,41.7513,1.40011,-0.0834095
-21.2798,41.7276,1.40011,-0.084509
-21.0579,41.6977,1.39801,-0.103516
-20.8362,41.6673,1.39801,-0.121894
-20.6156,41.6333,1.38752,-0.141372
-20.397,41.5944,1.37913,-0.162735
-20.1806,41.5503,1.37913,-0.179857
-19.9651,41.4998,1.4057,-0.184569
-19.7481,41.4415,1.4057,-0.184726
-19.5326,41.3751,1.41619,-0.184726
-19.3187,41.3005,1.4085,-0.184726
-19.0874,41.1961,1.4085,-0.184726
-18.8822,41.1028,1.4106,-0.184726
-18.6803,41.002,1.4106,-0.184726
-18.4829,40.8949,1.39801,-0.184883
-18.2905,40.7779,1.40011,-0.184883
-18.1021,40.6568,1.40011,-0.185983
-17.9189,40.5293,1.35815,-0.186925
-17.7447,40.3988,1.35815,-0.196821
-17.576,40.2629,1.35325,-0.202319
-17.4125,40.1211,1.34766,-0.202476
-17.2552,39.9734,1.34766,-0.202633
-17.1039,39.8202,1.34276,-0.202633
-16.9587,39.6618,1.34276,-0.202633
-16.8152,39.4857,1.32668,-0.202633
-16.6808,39.3212,1.32668,-0.202633
-16.5519,39.1517,1.33996,-0.202633
-16.4282,38.9768,1.34766,-0.202633
-16.3139,38.7871,1.34766,-0.209388
-16.2014,38.6037,1.32178,-0.2152
-16.0971,38.4195,1.32178,-0.21677
-16.0006,38.2335,1.3008,-0.216927
-15.9115,38.037,1.30849,-0.216927
-15.8297,37.8446,1.30849,-0.216927
-15.7547,37.6486,1.33507,-0.216927
-15.6862,37.4466,1.33507,-0.21677
-15.6327,37.2501,1.31619,-0.215985
-15.5813,37.0459,1.35815,-0.209073
-15.5367,36.8346,1.35815,-0.199806
-15.4995,36.6212,1.34556,-0.18881
-15.4698,36.4031,1.34556,-0.169175
-15.4482,36.1894,1.33996,-0.142943
-15.4334,35.9756,1.34556,-0.113883
-15.4241,35.7606,1.34556,-0.0794825
-15.4194,35.544,1.37143,-0.0474382
-15.4134,35.3206,1.37143,-0.0263894
-15.4129,35.0997,1.38752,-0.0210487
-15.4126,34.8777,1.36654,-0.0219912
-15.4121,34.6584,1.36654,-0.0276461
-15.3958,34.438,1.37703,-0.0427258
-15.3935,34.2177,1.37703,-0.064874
-15.3918,33.9973,1.37703,-0.0720997
-15.3918,33.7767,1.39521,-0.0720997
-15.394,33.5536,1.39521,-0.0700577
-15.3946,33.3461,1.4134,-0.0634603
-15.4,33.1201,1.4134,-0.0593762
-15.4076,32.894,1.4134,-0.0523076
-15.4176,32.6673,1.44766,-0.0480665
-15.4471,32.4533,1.44766,-0.0475952
-15.462,32.2216,1.45536,-0.0474382
-15.4786,31.9893,1.47914,-0.0422545
-15.497,31.754,1.47914,-0.0337722
-15.517,31.5178,1.49732,-0.0249757
-15.5323,31.2914,1.49732,-0.0158651
-15.5545,31.053,1.49242,-0.00581196
-15.5769,30.8152,1.49242,-0.00612612
-15.5993,30.5762,1.50501,-0.00612612
-15.6251,30.3376,1.48403,-0.00581196
-15.6471,30.1005,1.48403,-0.00424116
-15.6692,29.8634,1.49732,-0.00329868
-15.6916,29.6248,1.49732,-0.00141372
-15.7139,29.3867,1.49242,-0.00141372
-15.738,29.154,1.47144,-0.0015708
-15.7583,28.9191,1.47144,-0.0015708
-15.7782,28.6866,1.43438,-0.00141372
-15.7974,28.4578,1.4106,-0.00094248
-15.8158,28.2303,1.4106,-0.00062832
-15.8339,28.0051,1.42109,-0.00062832
-15.8518,27.7786,1.42109,-0.00267036
-15.8691,27.5523,1.4134,-0.00062832
-15.8937,27.3192,1.42389,-0.0015708
-15.9105,27.0923,1.42389,0.00486948
-15.9271,26.8647,1.44487,0.00486948
-15.9433,26.6343,1.44487,0.00376992
-15.9595,26.3933,1.46305,0.00329868
-15.9744,26.1597,1.52599,0.00345576
-15.989,25.9178,1.52599,0.00094248
-16.0031,25.6738,1.53928,0.00094248
-16.0126,25.4389,1.53928,0.00094248
-16.0264,25.1895,1.57635,-0.00518364
-16.0399,24.9376,1.55746,-0.0070686
-16.0527,24.6881,1.55746,-0.007854
-16.065,24.4374,1.63929,-0.00816816
-16.0752,24.1735,1.63929,-0.00832524
-16.0877,23.9093,1.66237,-0.0100531
-16.1002,23.6435,1.65467,-0.0131947
-16.1128,23.3787,1.65467,-0.0202633
-16.1144,23.1523,1.65467,-0.0218341
-16.1262,22.8877,1.65467,-0.0202633
-16.1375,22.6234,1.64978,-0.0201062
-16.1485,22.3596,1.67286,-0.0221483
-16.1571,22.1596,1.67286,-0.0265465
-16.1617,21.8945,1.66027,-0.0284315
-16.1737,21.6287,1.66027,-0.027489
-16.1865,21.3629,1.67845,-0.0271748
-16.197,21.1619,1.67845,-0.0218341
-16.2081,20.9609,1.67076,-0.0204204
-16.235,20.6976,1.67076,-0.0171217
-16.2482,20.4977,1.66237,-0.0149226
-16.2665,20.2322,1.66237,-0.0144514
-16.2854,19.9695,1.63369,-0.0144514
-16.2966,19.719,1.64418,-0.0146084
-16.3165,19.4569,1.64418,-0.0142943
-16.3362,19.194,1.67286,-0.0139801
-16.3513,18.9941,1.67286,-0.0105244
-16.3665,18.7943,1.65467,-0.0100531
-16.3809,18.5795,1.65467,-0.0100531
-16.3999,18.3152,1.67076,-0.00895356
-16.4142,18.1154,1.67076,-0.00612612
-16.4288,17.9154,1.71272,-0.00612612
-16.4436,17.7116,1.71272,-0.00612612
-16.4573,17.5058,1.70713,-0.00565488
-16.4716,17.3013,1.70713,-0.0054978
-16.4858,17.0969,1.70713,-0.00502656
-16.5,16.8915,1.72531,-0.00486948
-16.5142,16.685,1.72531,-0.00439824
-16.5255,16.4605,1.70992,-0.00424116
-16.5386,16.2556,1.70992,-0.00424116
-16.5516,16.0503,1.7386,-0.00424116
-16.5646,15.8422,1.7386,-0.00408408
-16.5774,15.6342,1.72811,-0.00408408
-16.5934,15.3767,1.72811,-0.003927
-16.6061,15.169,1.76727,-0.003927
-16.6191,14.9576,1.76727,-0.00345576
-16.6319,14.7459,1.79874,-0.00329868
-16.6446,14.5313,1.79874,-0.00329868
-16.6604,14.2881,1.80713,-0.00267036
-16.6725,14.0717,1.80713,-0.00219912
-16.6844,13.8552,1.80713,-0.00219912
-16.6961,13.6387,1.80434,-0.00219912
-16.7075,13.4224,1.80434,-0.00219912
-16.7081,13.2104,1.83021,-0.0023562
-16.7194,12.991,1.83021,-0.00219912
-16.7303,12.7717,1.82532,-0.00219912
-16.7408,12.5528,1.82532,-0.00204204
-16.751,12.3339,1.83581,-0.00188496
-16.7604,12.1224,1.83581,-0.0015708
-16.7701,11.9023,1.82252,-0.0015708
-16.7794,11.6833,1.82252,-0.0015708
-16.7886,11.4648,1.82252,-0.0015708
-16.7976,11.2451,1.8435,-0.00141372
-16.8063,11.0241,1.8435,-0.00141372
-16.8184,10.8103,1.83581,-0.00141372
-16.8259,10.59,1.83581,-0.00188496
-16.8331,10.3697,1.8435,-0.003927
-16.8398,10.1487,1.8435,-0.003927
-16.8463,9.92744,1.82811,-0.0031416
-16.8539,9.6742,1.82811,-0.00251328
-16.8595,9.45491,1.81483,-0.00251328
-16.865,9.23674,1.81483,-0.00267036
-16.8701,9.01903,1.81483,-0.00282744
-16.8749,8.80143,1.81203,-0.00502656
-16.8793,8.58404,1.81203,-0.00801108
-16.8796,8.37779,1.78615,-0.0106814
-16.8839,8.16341,1.78615,-0.0113098
-16.8879,7.94869,1.80713,-0.011781
-16.8919,7.73215,1.80713,-0.0116239
-16.8958,7.5153,1.78615,-0.011781
-16.9019,7.31237,1.78615,-0.0152368
-16.9062,7.0982,1.75958,-0.0163363
-16.9107,6.88635,1.75958,-0.0153938
-16.9154,6.67519,1.75958,-0.0164934
-16.9202,6.4639,1.76517,-0.0169646
-16.9292,6.19789,1.75468,-0.0166505
-16.9347,5.98709,1.75468,-0.0161792
-16.9406,5.77661,1.75468,-0.0163363
-16.9467,5.56605,1.75678,-0.0149226
-16.953,5.35534,1.75678,-0.0174359
-16.9339,5.11801,1.74419,-0.0205775
-16.94,4.90869,1.74419,-0.0212058
-16.9465,4.69903,1.77007,-0.0210487
-16.9533,4.48703,1.77007,-0.0210487
-16.9604,4.27461,1.76237,-0.0207346
-16.9745,4.0699,1.76237,-0.0207346
-16.9817,3.85858,1.75958,-0.0221483
-16.9891,3.64739,1.75958,-0.023562
-16.9971,3.43645,1.75958,-0.0262324
-17.0056,3.22385,1.78825,-0.029531
-17.0172,3.01751,1.78825,-0.029374
-17.0273,2.80344,1.77286,-0.0284315
-17.0382,2.59083,1.77286,-0.027489
-17.0499,2.37938,1.72321,-0.0259182
-17.0621,2.17244,1.72321,-0.0259182
-17.075,1.96612,1.71482,-0.025447
-17.0968,1.70057,1.71482,-0.0190067
-17.1118,1.49521,1.72321,-0.00691152
-17.1275,1.28914,1.72321,-0.00219912
-17.1437,1.08301,1.68894,0.0105244
-17.1597,0.880024,1.68894,0.0246616
-17.1633,0.654991,1.70223,0.0268607
-17.1789,0.452133,1.70223,0.0268607
-17.1936,0.248603,1.70223,0.0268607
-17.207,0.0450558,1.69663,0.0268607
-17.2189,-0.158148,1.69663,0.0268607
-17.2235,-0.369494,1.71762,0.0270178
-17.2313,-0.575245,1.71762,0.0271748
-17.2375,-0.780976,1.70433,0.0271748
-17.2422,-0.98553,1.70433,0.0271748
-17.2453,-1.19004,1.7358,0.0271748
-17.2449,-1.39809,1.7358,0.0279602
-17.2444,-1.60634,1.72811,0.0306306
-17.2421,-1.81429,1.72811,0.0417833
-17.2378,-2.0216,1.72811,0.0419404
-17.2314,-2.22621,1.67845,0.049166
-17.2227,-2.42758,1.67845,0.0513652
-17.2141,-2.64684,1.64698,0.0526218
-17.1946,-2.90992,1.64698,0.0527789
-17.1709,-3.16941,1.61551,0.0515222
-17.1432,-3.42633,1.64418,0.052936
-17.1231,-3.65338,1.64418,0.0573342
-17.0851,-3.91319,1.61831,0.0611041
-17.0425,-4.1687,1.61831,0.064874
-16.9928,-4.3999,1.57635,0.0691152
-16.9417,-4.64689,1.60222,0.0730422
-16.8843,-4.89582,1.60222,0.0738276
-16.8215,-5.14167,1.55537,0.0744559
-16.7823,-5.33899,1.55537,0.0749272
-16.7115,-5.57831,1.57075,0.0752413
-16.6357,-5.81767,1.57075,0.0744559
-16.5553,-6.05377,1.54977,0.0744559
-16.4846,-6.28582,1.54697,0.0719426
-16.3968,-6.51723,1.54697,0.0779117
-16.3045,-6.74776,1.56586,0.0783829
-16.2067,-6.97844,1.57844,0.0801108
-16.0915,-7.19369,1.57844,0.0768121
-15.9831,-7.42131,1.55537,0.0926772
-15.8706,-7.6435,1.55537,0.10116
-15.7385,-7.87453,1.54487,0.107443
-15.615,-8.08864,1.51061,0.0992746
-15.4878,-8.29542,1.51061,0.0991175
-15.3559,-8.49816,1.52599,0.116082
-15.2142,-8.66609,1.52599,0.113569
-15.0702,-8.86377,1.53648,0.113883
-14.921,-9.05912,1.54697,0.108542
-14.7663,-9.25185,1.54697,0.103987
-14.6131,-9.42576,1.54208,0.0992746
-14.4493,-9.61031,1.54208,0.0849803
-14.2796,-9.79195,1.56306,0.0835666
-14.1045,-9.97048,1.56306,0.080582
-13.9556,-10.1285,1.56306,0.0752413
-13.7738,-10.3002,1.57075,0.0728851
-13.5876,-10.4686,1.57075,0.0669161
-13.398,-10.6332,1.56586,0.0576484
-13.2562,-10.7754,1.56586,0.0383275
-13.0626,-10.934,1.56026,0.037385
-12.8675,-11.0898,1.53438,0.0384846
-12.6736,-11.2416,1.53438,0.0659736
-12.4796,-11.3905,1.48963,0.0772834
-12.2999,-11.5243,1.48963,0.0818387
-12.1076,-11.6634,1.47914,0.0835666
-11.9133,-11.7983,1.48193,0.0852944
-11.7157,-11.9294,1.48193,0.0790112
-11.5052,-12.06,1.44207,0.0854515
-11.308,-12.1803,1.44207,0.0758696
-11.1066,-12.2985,1.47354,0.0699006
-10.9013,-12.4144,1.48683,0.0731993
-10.6926,-12.5278,1.48683,0.0645599
-10.4655,-12.6461,1.47914,0.0617324
-10.2538,-12.7521,1.46585,0.0629891
-10.0424,-12.8543,1.46585,0.0556063
-9.83032,-12.9529,1.43717,0.0376992
-9.62097,-13.0495,1.43717,0.0252899
-9.41238,-13.1404,1.4106,0.0190067
-9.20493,-13.229,1.35815,0.0180642
-9.00334,-13.3141,1.35815,0.0180642
-8.80657,-13.3947,1.29031,0.0193208
-8.61534,-13.4727,1.29031,0.0190067
-8.42568,-13.5489,1.26933,0.0194779
-8.23705,-13.6239,1.25324,0.0155509
-8.04994,-13.697,1.25324,0.01775
-7.8554,-13.7793,1.26653,0.0179071
-7.66629,-13.8514,1.26653,0.0144514
-7.47813,-13.9225,1.24066,0.0147655
-7.24584,-14.0096,1.24066,0.0153938
-7.01336,-14.096,1.24066,0.0409979
-6.82216,-14.1643,1.21408,0.0574913
-6.59434,-14.2458,1.17771,0.0760267
-6.37123,-14.3221,1.11687,0.0799537
-6.15727,-14.3914,1.11687,0.0966042
-5.95874,-14.4336,1.04903,0.11514
-5.75967,-14.4898,0.996581,0.129277
-5.52859,-14.5483,0.96511,0.163992
-5.3235,-14.579,0.96511,0.166976
-5.09672,-14.6194,0.959515,0.166819
-4.87458,-14.6503,0.925946,0.159593
-4.66383,-14.6683,0.928044,0.140744
-4.44698,-14.6818,0.870697,0.0966042
-4.24025,-14.6887,0.849716,0.0482236
-4.03976,-14.6912,0.79167,0.0054978
-3.82054,-14.6923,0.762996,-0.0191638
-3.59779,-14.6919,0.602844,-0.0197921
-3.39676,-14.6938,0.199316,-0.0186925
-3.18788,-14.7186,0.445489,0.179857
-2.95773,-14.7134,0.508431,0.201062
-2.74857,-14.6998,0.742015,0.195722
-2.53898,-14.6796,0.844121,0.195722
-2.34082,-14.6525,0.844121,0.194936
-2.13534,-14.6169,0.875592,0.19368
-1.90902,-14.565,0.923148,0.179228
-1.69316,-14.5085,0.930841,0.152368
-1.47673,-14.4427,0.949024,0.133361
-1.25706,-14.3666,0.946926,0.131319
-1.04287,-14.2855,0.972803,0.118124
-0.827342,-14.1962,0.96511,0.0870223
-0.615038,-14.1037,0.990986,0.0777546
-0.39934,-14.0027,1.00707,0.0651882
-0.218418,-13.9141,1.00707,0.045239
-0.00350154,-13.8049,1.02525,0.0318872
0.180056,-13.7094,1.04344,0.0131947
0.365749,-13.6114,1.06442,0.0109956
0.552429,-13.5137,1.09589,0.0109956
0.745114,-13.4109,1.09589,0.0109956
0.942696,-13.3049,1.13295,0.0109956
1.14455,-13.201,1.15673,0.0139801
1.34842,-13.0913,1.1882,0.0230908
1.55667,-12.9784,1.1882,0.0337722
1.85072,-12.8925,1.21408,0.0361284
2.06336,-12.7745,1.21688,0.0359713
2.27541,-12.6538,1.23786,0.037385
2.48922,-12.5291,1.23786,0.03927
2.66306,-12.4241,1.27213,0.0359713
2.83679,-12.3178,1.298,0.035343
3.01223,-12.2078,1.298,0.0361284
3.1875,-12.0951,1.30849,0.043197
3.36245,-11.9799,1.30849,0.0458674
3.54689,-11.8564,1.31409,0.0468098
3.71988,-11.7366,1.3036,0.052936
3.8905,-11.6159,1.3036,0.0521506
4.05914,-11.4936,1.298,0.0552922
4.22532,-11.3495,1.3057,0.0567059
4.39013,-11.2219,1.3057,0.0565488
4.55331,-11.0912,1.31129,0.0563917
4.71482,-10.9572,1.31129,0.0540355
4.86028,-10.8147,1.28751,0.0540355
5.01485,-10.6782,1.26653,0.0617324
5.16525,-10.5415,1.26653,0.0796396
5.31245,-10.4034,1.22737,0.0956617
5.49077,-10.2347,1.20918,0.109485
5.65994,-10.0601,1.20918,0.109642
5.823,-9.88163,1.20918,0.109642
5.98018,-9.69873,1.17492,0.112626
6.08391,-9.50396,1.17492,0.117496
6.22902,-9.31234,1.21688,0.120637
6.3697,-9.11263,1.23506,0.120952
6.50385,-8.92251,1.26164,0.120952
6.60872,-8.75096,1.26164,0.121737
6.71065,-8.57512,1.28751,0.123308
6.80965,-8.39453,1.28751,0.123308
6.90461,-8.20497,1.31898,0.122365
6.99606,-8.01499,1.30849,0.121737
7.08184,-7.82375,1.30849,0.120009
7.1622,-7.63045,1.30849,0.120009
7.23756,-7.4326,1.32458,0.119538
7.3078,-7.23374,1.32458,0.117025
7.37303,-7.03206,1.32458,0.111213
7.43306,-6.82875,1.32458,0.108856
7.48479,-6.62164,1.33996,0.0929914
7.53474,-6.41311,1.35045,0.0735134
7.58032,-6.20217,1.35045,0.0719426
7.62221,-5.98914,1.39801,0.0714714
7.64068,-5.78631,1.39801,0.0714714
7.67862,-5.56358,1.43997,0.0720997
7.7136,-5.33584,1.43997,0.0703718
7.7455,-5.1037,1.48193,0.0592192
7.7775,-4.86709,1.50012,0.0590621
7.80363,-4.62895,1.50012,0.0702148
7.82659,-4.38751,1.54487,0.0771263
7.846,-4.1411,1.54487,0.0799537
7.83229,-3.91417,1.57844,0.0791683
7.84032,-3.66036,1.64139,0.0793254
7.8436,-3.39823,1.64139,0.0801108
7.86636,-3.08556,1.63649,0.080582
7.86085,-2.8236,1.64418,0.080425
7.84908,-2.56116,1.64418,0.0780688
7.83083,-2.29844,1.64978,0.0719426
7.7798,-2.0383,1.64978,0.0673873
7.74852,-1.77825,1.60782,0.0691152
7.71173,-1.52336,1.54977,0.0752413
7.66981,-1.27723,1.54977,0.0783829
7.63788,-1.03717,1.50291,0.0786971
7.58483,-0.802187,1.50291,0.0790112
7.52721,-0.574632,1.39521,0.0791683
7.46652,-0.359567,1.30849,0.0797966
7.39417,-0.163581,1.30849,0.0821528
7.3274,0.0328932,1.21967,0.0808962
7.24274,0.262273,1.1931,0.0813674
7.15409,0.484345,1.1931,0.0818387
7.05209,0.696949,1.19869,0.0852944
6.95386,0.914149,1.17771,0.0856086
6.85225,1.12646,1.21128,0.0934626
6.77894,1.33113,1.21128,0.101317
6.66656,1.54479,1.20359,0.11514
6.54791,1.75878,1.27982,0.140115
6.4447,1.9353,1.27982,0.151896
6.32243,2.09443,1.33507,0.156452
6.20516,2.27397,1.38193,0.155509
6.0789,2.45496,1.38193,0.151268
5.94506,2.63428,1.42948,0.14577
5.80228,2.81281,1.42948,0.139016
5.64626,2.98938,1.45536,0.132261
5.48741,3.16051,1.48683,0.10006
5.31984,3.32909,1.48683,0.0818387
5.1473,3.49219,1.47634,0.0556063
4.96759,3.65063,1.52599,0.0447678
4.78364,3.80908,1.52599,0.041312
4.59632,3.96527,1.51061,0.0408408
4.40821,4.11743,1.51061,0.0391129
4.22042,4.271,1.50781,0.0365996
4.02915,4.41817,1.50012,0.0365996
3.83684,4.56234,1.50012,0.0389558
3.64289,4.7044,1.5134,0.0387988
3.46729,4.8005,1.5134,0.0387988
3.26785,4.93768,1.50501,0.0387988
3.06759,5.07163,1.50501,0.0400554
2.86424,5.20423,1.52599,0.0409979
2.65823,5.33537,1.52389,0.0424116
2.46368,5.4809,1.52389,0.0435112
2.2541,5.60803,1.54487,0.0436682
2.04149,5.73376,1.54487,0.0386417
1.8272,5.8571,1.54487,0.0361284
1.61109,5.97779,1.55746,0.0226195
1.36815,6.04537,1.55746,0.00722568
1.14848,6.16133,1.54208,-0.00329868
0.929516,6.27529,1.55257,-0.00581196
0.709354,6.38886,1.55257,-0.0062832
0.488533,6.50207,1.53928,-0.00219912
0.266357,6.61526,1.53928,0
0.0472295,6.72688,1.53159,0.00015708
-0.171238,6.8379,1.53159,0.00031416
-0.390019,6.94855,1.53159,0.00015708
-0.588092,7.07661,1.56795,0.0113098
-0.811499,7.18989,1.56795,0.011781
-1.03611,7.30334,1.58124,0.0135089
-1.26215,7.41701,1.60991,0.0135089
-1.49603,7.52769,1.60991,0.0124093
-1.72729,7.64185,1.62041,0.00439824
-1.96009,7.75582,1.62041,-0.00298452
-2.19603,7.87027,1.65188,-0.0141372
-2.43404,7.98523,1.64698,-0.0260753
-2.63604,8.10902,1.64698,-0.0331439
-2.87287,8.22479,1.64698,-0.0331439
-3.10915,8.34151,1.64698,-0.0320443
-3.34321,8.45904,1.6288,-0.0318872
-3.57548,8.57741,1.62041,-0.031416
-3.79097,8.69446,1.62041,-0.0322014
-4.02036,8.81484,1.60782,-0.0300023
-4.24771,8.93549,1.60782,-0.029531
-4.47294,9.05608,1.58893,-0.029531
-4.7226,9.19927,1.61551,-0.0268607
-4.94901,9.3222,1.61551,-0.0227766
-5.17474,9.44594,1.59453,-0.0229337
-5.39802,9.56937,1.59453,-0.0229337
-5.62362,9.69521,1.6288,-0.0230908
-5.83829,9.79883,1.6232,-0.0326726
-6.06371,9.928,1.6232,-0.0512081
-6.28791,10.0576,1.60991,-0.0738276
-6.51012,10.1881,1.58893,-0.101317
-6.75714,10.3316,1.58893,-0.118281
-6.97271,10.4665,1.59453,-0.119067
-7.18565,10.6068,1.59453,-0.119067
-7.39428,10.752,1.57635,-0.119067
-7.59741,10.9015,1.56795,-0.119067
-7.74822,11.0573,1.56795,-0.119067
-7.94021,11.2187,1.56306,-0.11891
-8.1271,11.3848,1.56306,-0.120952
-8.30745,11.5543,1.5155,-0.132104
-8.47082,11.7171,1.50501,-0.14954
-8.6353,11.8933,1.50501,-0.168704
-8.79296,12.0747,1.48963,-0.177815
-8.94245,12.2606,1.48963,-0.178129
-9.08194,12.4491,1.45046,-0.178129
-9.22714,12.6517,1.37423,-0.178286
-9.34327,12.8411,1.37423,-0.178443
-9.44923,13.0319,1.3036,-0.18127
-9.54298,13.2188,1.3036,-0.182527
-9.61854,13.4053,1.27702,-0.182527
-9.69332,13.5952,1.21967,-0.182527
-9.77259,13.8275,1.21967,-0.182684
-9.83804,14.0539,1.15883,-0.182684
-9.91293,14.2619,1.10918,-0.182684
-9.95495,14.4785,1.05393,-0.182527
-9.98645,14.6871,1.05393,-0.172474
-10.0404,14.914,1.02525,-0.134932
